-- MySQL dump 10.13  Distrib 8.0.31, for Win64 (x86_64)
--
-- Host: localhost    Database: banhang_javaweb
-- ------------------------------------------------------
-- Server version	8.0.31

/*!40101 SET @OLD_CHARACTER_SET_CLIENT=@@CHARACTER_SET_CLIENT */;
/*!40101 SET @OLD_CHARACTER_SET_RESULTS=@@CHARACTER_SET_RESULTS */;
/*!40101 SET @OLD_COLLATION_CONNECTION=@@COLLATION_CONNECTION */;
/*!50503 SET NAMES utf8 */;
/*!40103 SET @OLD_TIME_ZONE=@@TIME_ZONE */;
/*!40103 SET TIME_ZONE='+00:00' */;
/*!40014 SET @OLD_UNIQUE_CHECKS=@@UNIQUE_CHECKS, UNIQUE_CHECKS=0 */;
/*!40014 SET @OLD_FOREIGN_KEY_CHECKS=@@FOREIGN_KEY_CHECKS, FOREIGN_KEY_CHECKS=0 */;
/*!40101 SET @OLD_SQL_MODE=@@SQL_MODE, SQL_MODE='NO_AUTO_VALUE_ON_ZERO' */;
/*!40111 SET @OLD_SQL_NOTES=@@SQL_NOTES, SQL_NOTES=0 */;

--
-- Table structure for table `baiviet`
--

DROP TABLE IF EXISTS `baiviet`;
/*!40101 SET @saved_cs_client     = @@character_set_client */;
/*!50503 SET character_set_client = utf8mb4 */;
CREATE TABLE `baiviet` (
  `id` int unsigned NOT NULL AUTO_INCREMENT,
  `tieude` varchar(191) CHARACTER SET utf8mb4 COLLATE utf8mb4_unicode_ci NOT NULL,
  `mota` text CHARACTER SET utf8mb4 COLLATE utf8mb4_unicode_ci NOT NULL,
  `noidung` longtext CHARACTER SET utf8mb4 COLLATE utf8mb4_unicode_ci NOT NULL,
  `hinhanh` text CHARACTER SET utf8mb4 COLLATE utf8mb4_unicode_ci NOT NULL,
  `id_taikhoan` int unsigned NOT NULL,
  `ngaydang` timestamp NULL DEFAULT NULL,
  `ngaysua` timestamp NULL DEFAULT NULL,
  PRIMARY KEY (`id`),
  KEY `baiviet_id_taikhoan_foreign` (`id_taikhoan`),
  CONSTRAINT `baiviet_id_taikhoan_foreign` FOREIGN KEY (`id_taikhoan`) REFERENCES `taikhoan` (`id`)
) ENGINE=InnoDB AUTO_INCREMENT=23 DEFAULT CHARSET=utf8mb4 COLLATE=utf8mb4_unicode_ci;
/*!40101 SET character_set_client = @saved_cs_client */;

--
-- Dumping data for table `baiviet`
--

LOCK TABLES `baiviet` WRITE;
/*!40000 ALTER TABLE `baiviet` DISABLE KEYS */;
INSERT INTO `baiviet` VALUES (1,'Minerva Grimes PhD Anh kaleal','Placeat a quod perspiciatis et aut vel id.','<div id=\"contentPanel_rp_post_uc_ad_0_ad_box_detail_content_0\" class=\"widget widget_alx_tabs ad_box_detail_content\">\r\n<div style=\"height: 0px; width: 0px; overflow: hidden;\">&nbsp;</div>\r\n<div id=\"_admDivFlashdt\" style=\"visibility: hidden; height: 1px; width: 1px; position: absolute; bottom: 0px; overflow: hidden; left: 100px;\">&nbsp;</div>\r\n<div id=\"ads_zone37276\">\r\n<div id=\"ads_zone37276_slot1\">&nbsp;</div>\r\n</div>\r\n</div>\r\n<div id=\"abdf\">\r\n<p style=\"text-align: justify;\"><u><strong><a title=\"C&aacute;ch l&agrave;m m&oacute;n thịt\" href=\"http://blognauanngon.com/the/cach-lam-mon-thit\">C&aacute;ch l&agrave;m m&oacute;n thịt</a> heo quay x&agrave;o <a title=\"dưa cải\" href=\"http://blognauanngon.com/the/dua-cai\">dưa cải</a> chua ngon ngất ng&acirc;y:</strong></u></p>\r\n<p style=\"text-align: justify;\">Trời lạnh lạnh lại k&egrave;m theo ch&uacute;t mưa ph&ugrave;n khiến m&igrave;nh lười đi chợ gh&ecirc;, may qu&aacute; l&agrave; trong tủ lạnh c&ograve;n ch&uacute;t <a title=\"thịt heo\" href=\"http://blognauanngon.com/the/thit-heo\">thịt heo</a> quay từ tối h&ocirc;m trước vẫn c&ograve;n v&agrave; c&ograve;n vại dưa cải chua m&igrave;nh tự muối v&agrave;ng ruộm thơm phức, chỉ vậy thui l&agrave; đ&atilde; đủ nguy&ecirc;n liệu để ch&uacute;ng m&igrave;nh c&oacute; thể chế biến m&oacute;n thịt heo quay x&agrave;o dưa cải chua ngon ngất ng&acirc;y cho bữa cơm gia đ&igrave;nh r&ugrave;i đấy <img style=\"height: 23px; width: 23px;\" title=\"laugh\" src=\"http://blognauanngon.com/themes/extends/ckeditor/plugins/smiley/images/teeth_smile.png\" alt=\"Ảnh minh họa 1 - C&aacute;ch l&agrave;m m&oacute;n thịt heo quay x&agrave;o dưa cải chua ngon ngất ng&acirc;y!\" />. Thịt heo quay với lớp da gi&ograve;n dai, thịt nạc thơm, b&eacute;o&nbsp;ngậy kết hợp với vị chua chua, gi&ograve;n gi&ograve;n&nbsp;của&nbsp;dưa cải muối&nbsp;khiến m&oacute;n ăn trở n&ecirc;n v&ocirc; c&ugrave;ng hấp dẫn, ăn m&atilde;i m&agrave; kh&ocirc;ng hề thấy ng&aacute;n ch&uacute;t n&agrave;o, m&oacute;n n&agrave;y m&agrave; ăn c&ugrave;ng với cơm trắng th&igrave; đ&uacute;ng l&agrave; \"tuyệt c&uacute; m&egrave;o\" lu&ocirc;n, bao nhi&ecirc;u cơm cũng hết &yacute;. M&agrave; tuyệt hơn nữa l&agrave; c&aacute;ch l&agrave;m m&oacute;n thịt heo quay x&agrave;o dưa cải chua n&agrave;y v&ocirc; c&ugrave;ng đơn giản, cực th&iacute;ch hợp cho những ng&agrave;y ch&uacute;ng m&igrave;nh \"bỗng dưng\" lại lười, hoặc những khi bận rộn kh&ocirc;ng c&oacute; qu&aacute; nhiều thời gian để nấu nướng. H&atilde;y c&ugrave;ng v&agrave;o bếp v&agrave; l&agrave;m ngay m&oacute;n thịt heo x&agrave;o cải chua ngon ngất ng&acirc;y n&agrave;y c&ugrave;ng m&igrave;nh nh&eacute;.</p>\r\n<p style=\"text-align: center;\"><img id=\"image_preview\" src=\"http://blognauanngon.com/images/450x268/anh-blognauanngon.com-tjtigs678898750.jpg?1543291181038\" alt=\"Ảnh minh họa 2 - C&aacute;ch l&agrave;m m&oacute;n thịt heo quay x&agrave;o dưa cải chua ngon ngất ng&acirc;y!\" /></p>\r\n<p style=\"text-align: justify;\"><strong>Chuẩn bị nguy&ecirc;n liệu:</strong></p>\r\n<ul>\r\n<li style=\"text-align: justify;\">Thịt heo quay: 400 g</li>\r\n<li style=\"text-align: justify;\">Dưa cải chua: 200 g (c&aacute;c bạn tham khảo th&ecirc;m <a title=\"c&aacute;ch muối dưa\" href=\"http://blognauanngon.com/the/cach-muoi-dua\">c&aacute;ch muối dưa</a> cải chua <a title=\"C&aacute;ch l&agrave;m m&oacute;n thịt heo quay x&agrave;o dưa cải chua ngon ngất ng&acirc;y!\" href=\"http://blognauanngon.com/am-thuc/cach-lam-mon-ngon-khac/cach-muoi-dua-cai-chua-gion-chuan-khong-can-chinh-636407537989417879.html\">tại đ&acirc;y</a>)</li>\r\n<li style=\"text-align: justify;\">Ớt quả: 1 - 2 quả</li>\r\n<li style=\"text-align: justify;\">H&agrave;nh kh&ocirc;: 1 <a title=\"củ\" href=\"http://blognauanngon.com/the/cu\">củ</a></li>\r\n<li style=\"text-align: justify;\"><a title=\"H&agrave;nh l&aacute;\" href=\"http://blognauanngon.com/the/hanh-la\">H&agrave;nh l&aacute;</a>: v&agrave;i cọng</li>\r\n<li style=\"text-align: justify;\"><a title=\"Dầu ăn\" href=\"http://blognauanngon.com/the/dau-an\">Dầu ăn</a>, Nước mắm, đường, hạt n&ecirc;m...</li>\r\n</ul>\r\n<p style=\"text-align: justify;\"><strong>C&aacute;ch l&agrave;m:</strong></p>\r\n<ul>\r\n<li style=\"text-align: justify;\"><strong>Bước 1: </strong>Thịt heo quay c&aacute;c bạn c&oacute; thể tự mua thịt về quay như vậy th&igrave; sẽ đảm bảo vệ sinh v&agrave; chất lượng hơn&nbsp;nhưng để tiết kiệm thời gian v&agrave; nhanh ch&oacute;ng hơn th&igrave; ch&uacute;ng m&igrave;nh c&oacute; thể mua thịt heo quay sẵn nh&eacute;, nhớ mua ở những cửa h&agrave;ng quen hoặc uy t&iacute;n cho an t&acirc;m nh&eacute;. Thịt heo quay c&aacute;c bạn th&aacute;i th&agrave;nh những l&aacute;t mỏng vừa ăn (như h&igrave;nh) rồi để ra đĩa ri&ecirc;ng.</li>\r\n</ul>\r\n<p style=\"text-align: center;\"><img id=\"image_preview\" src=\"http://blognauanngon.com/images/400x274/anh-blognauanngon.com-eftpwp063742500.jpg?1543291014689\" alt=\"Ảnh minh họa 3 - C&aacute;ch l&agrave;m m&oacute;n thịt heo quay x&agrave;o dưa cải chua ngon ngất ng&acirc;y!\" /></p>\r\n<p style=\"text-align: justify;\">Tiếp theo c&aacute;c bạn sơ chế c&aacute;c nguy&ecirc;n liệu c&ograve;n lại, v&igrave; m&oacute;n thịt heo quay x&agrave;o dưa cải chua kh&ocirc;ng cần sử dụng qu&aacute; nhiều nguy&ecirc;n liệu n&ecirc;n c&ocirc;ng đoạn n&agrave;y kh&aacute; đơn giản v&agrave; nhanh ch&oacute;ng: Ớtt rửa sạch, bỏ bớt hạt, th&aacute;i l&aacute;t x&eacute;o; H&agrave;nh l&aacute; rửa sạch, bỏ rễ, thải nhỏ; H&agrave;nh kh&ocirc; b&oacute;c vỏ, th&aacute;i l&aacute;t mỏng; Dưa cải chua c&aacute;c bạn đem đi rửa&nbsp;lại với nước&nbsp;cho sạch v&agrave; bớt vị mặn, vắt nhẹ cho dưa bớt nước rồi để ra rổ cho r&aacute;o.</p>\r\n<p style=\"text-align: center;\"><img id=\"image_preview\" src=\"http://blognauanngon.com/images/400x288/anh-blognauanngon.com-fzooco253273750.jpg?1543291031804\" alt=\"Ảnh minh họa 4 - C&aacute;ch l&agrave;m m&oacute;n thịt heo quay x&agrave;o dưa cải chua ngon ngất ng&acirc;y!\" /></p>\r\n<ul>\r\n<li style=\"text-align: justify;\"><strong>Bước 2:</strong> Đặt nồi l&ecirc;n bếp, cho 1 th&igrave;a canh dầu ăn v&agrave;o nồi, đun dầu n&oacute;ng rồi cho h&agrave;nh kh&ocirc; v&agrave;o phi thơm, khi thấy dậy m&ugrave;i c&aacute;c bạn đổ thịt heo quay v&agrave;o nồi, x&agrave;o v&agrave; đảo đều&nbsp;với lừa vừa&nbsp; trong khoảng 5 ph&uacute;t.</li>\r\n</ul>\r\n<p style=\"text-align: center;\"><img id=\"image_preview\" src=\"http://blognauanngon.com/images/400x266/anh-blognauanngon.com-dysqtb411242500.jpg?1543291049040\" alt=\"Ảnh minh họa 5 - C&aacute;ch l&agrave;m m&oacute;n thịt heo quay x&agrave;o dưa cải chua ngon ngất ng&acirc;y!\" /></p>\r\n<ul>\r\n<li style=\"text-align: justify;\"><strong>Bước 3: </strong>Tiếp theo&nbsp;c&aacute;c bạn tr&uacute;t tất cả dưa cải chua v&agrave;o nồi, đảo đều để dưa v&agrave; thịt được trộn lẫn với nhau, sau đ&oacute; c&aacute;c bạn chế th&ecirc;m ch&uacute;t nước s&ocirc;i v&agrave;o nồi, sao cho nước x&acirc;m xấp mặt thịt l&agrave; được. C&aacute;c bạn chỉnh lửa l&ecirc;n mức to, đến khi thấy nước trong nồi s&ocirc;i l&ecirc;n th&igrave; n&ecirc;m 2 th&igrave;a c&agrave; ph&ecirc; đường + 1 th&igrave;a c&agrave; ph&ecirc; nước mắm + 1 th&igrave;a c&agrave; ph&ecirc; bột n&ecirc;m, đảo v&agrave;i lần cho gia vị tan. C&aacute;c bạn lưu &yacute; v&igrave; dưa cải chua v&agrave; thịt heo quay đều đ&atilde; c&oacute; vị mặn r&ugrave;i n&ecirc;n khi n&ecirc;m nếm ch&uacute;ng m&igrave;nh kh&ocirc;ng n&ecirc;n cho qu&aacute; nhiều mắm v&agrave; bột n&ecirc;m k&eacute;o l&agrave;m m&oacute;n ăn bị mặn nh&eacute;. Giảm lửa về mức nhỏ vừa, đun đến khi thịt heo quay mềm thơm, h&ograve;a quyện với vị chua chua của dưa cải muối, nước trong nồi chỉ c&ograve;n sền sệt th&igrave; c&aacute;c bạn n&ecirc;m nếm lại lần nữa cho thật vừa miệng, rắc ch&uacute;t ớt th&aacute;i l&aacute;t v&agrave;&nbsp;h&agrave;nh l&aacute; l&ecirc;n tr&ecirc;n (nếu th&iacute;ch), đảo v&agrave;i lần&nbsp;rồi tắt bếp, tr&uacute;t m&oacute;n ăn ra đĩa rồi d&ugrave;ng khi c&ograve;n n&oacute;ng nh&eacute;.</li>\r\n</ul>\r\n<p style=\"text-align: center;\"><img id=\"image_preview\" src=\"http://blognauanngon.com/images/400x266/anh-blognauanngon.com-nqaekk635461250.jpg?1543291070859\" alt=\"Ảnh minh họa 6 - C&aacute;ch l&agrave;m m&oacute;n thịt heo quay x&agrave;o dưa cải chua ngon ngất ng&acirc;y!\" /></p>\r\n<p style=\"text-align: justify;\">M&oacute;n thịt heo quay x&agrave;o dưa cải chua với vị thịt đậm đ&agrave;, mềm ngậy&nbsp;kết hợp với vị chua chua, gi&ograve;n gi&ograve;n v&ocirc; c&ugrave;ng chống ng&aacute;n của dưa cải chua khiến m&oacute;n ăn tuy v&ocirc; c&ugrave;ng đơn giản nhưng lại cực hấp dẫn, nhất l&agrave; khi ăn c&ugrave;ng với cơm trắng n&oacute;ng hổi th&igrave; đ&uacute;ng l&agrave; bao nhi&ecirc;u cơm cũng hết <img style=\"height: 23px; width: 23px;\" title=\"heart\" src=\"http://blognauanngon.com/themes/extends/ckeditor/plugins/smiley/images/heart.png\" alt=\"Ảnh minh họa 7 - C&aacute;ch l&agrave;m m&oacute;n thịt heo quay x&agrave;o dưa cải chua ngon ngất ng&acirc;y!\" />. Chỉ với những nguy&ecirc;n liệu c&ugrave;ng c&aacute;ch l&agrave;m đơn giản v&agrave; nhanh ch&oacute;ng l&agrave; chị em ch&uacute;ng m&igrave;nh đ&atilde; ho&agrave;n th&agrave;nh xong m&oacute;n thịt heo quay x&agrave;o dưa cải chua ngon ngất ng&acirc;y cho cả nh&agrave; c&ugrave;ng thưởng thức r&ugrave;i, m&oacute;n ăn quen thuộc nhưng chắc chắn l&agrave; mọi người trong gia đ&igrave;nh vẫn v&ocirc; c&ugrave;ng iu th&iacute;ch v&agrave; hưởng ứng nhiệt t&igrave;nh đấy.</p>\r\n<p style=\"text-align: center;\"><img id=\"image_preview\" src=\"http://blognauanngon.com/images/450x268/anh-blognauanngon.com-tjtigs678898750.jpg?1543291181038\" alt=\"Ảnh minh họa 8 - C&aacute;ch l&agrave;m m&oacute;n thịt heo quay x&agrave;o dưa cải chua ngon ngất ng&acirc;y!\" /></p>\r\n</div>','1677085348878th.jpg',4,'2018-11-13 17:00:00',NULL),(2,'Shaina Fisher','Quia et nisi officia quo.','<h2 id=\"cach-lam-chan-gio-ham-mang-kho-1\" style=\"margin-bottom: 10px; line-height: 1.3em; font-weight: bold; margin-top: 0px; color: #40454d; font-family: \'Open Sans\', sans-serif; font-size: 22px; font-style: normal; font-variant-ligatures: normal; font-variant-caps: normal; letter-spacing: normal; orphans: 2; text-align: start; text-indent: 0px; text-transform: none; white-space: normal; widows: 2; word-spacing: 0px; -webkit-text-stroke-width: 0px; background-color: #ffffff; text-decoration-style: initial; text-decoration-color: initial;\">C&aacute;ch l&agrave;m ch&acirc;n gi&ograve; hầm măng kh&ocirc;</h2>\r\n<h3 id=\"nguyen-lieu-nau-chan-gio-ham-mang-kho-2\" style=\"margin-bottom: 10px; line-height: 1.3em; font-weight: bold; margin-top: 0px; color: #40454d; font-family: \'Open Sans\', sans-serif; font-size: 18px; font-style: normal; font-variant-ligatures: normal; font-variant-caps: normal; letter-spacing: normal; orphans: 2; text-align: start; text-indent: 0px; text-transform: none; white-space: normal; widows: 2; word-spacing: 0px; -webkit-text-stroke-width: 0px; background-color: #ffffff; text-decoration-style: initial; text-decoration-color: initial;\">Nguy&ecirc;n liệu nấu ch&acirc;n gi&ograve; hầm măng kh&ocirc;</h3>\r\n<ul style=\"margin-bottom: 20px; margin-top: 0px; color: #333333; font-family: Arial, Helvetica, sans-serif; font-size: 14px; font-style: normal; font-variant-ligatures: normal; font-variant-caps: normal; font-weight: 400; letter-spacing: normal; orphans: 2; text-align: start; text-indent: 0px; text-transform: none; white-space: normal; widows: 2; word-spacing: 0px; -webkit-text-stroke-width: 0px; background-color: #ffffff; text-decoration-style: initial; text-decoration-color: initial;\">\r\n<li style=\"margin-bottom: 2px;\">Ch&acirc;n gi&ograve;: 1kg</li>\r\n<li style=\"margin-bottom: 2px;\">Măng kh&ocirc;: 50g</li>\r\n<li style=\"margin-bottom: 2px;\">H&agrave;nh l&aacute;</li>\r\n<li style=\"margin-bottom: 2px;\">H&agrave;nh kh&ocirc;</li>\r\n<li style=\"margin-bottom: 2px;\">Gia vị: Nước mắm, hạt ti&ecirc;u, hạt n&ecirc;m, m&igrave; ch&iacute;nh, dầu ăn&hellip;</li>\r\n</ul>\r\n<div id=\"attachment_10365\" class=\"wp-caption aligncenter\" style=\"margin: auto auto 20px; float: none; background-color: #f8f8f8; outline: #eaeaea solid 1px; border: 0px; padding: 5px 5px 10px; text-align: center; max-width: 100%; box-sizing: border-box; color: #333333; font-family: Arial, Helvetica, sans-serif; font-size: 14px; font-style: normal; font-variant-ligatures: normal; font-variant-caps: normal; font-weight: 400; letter-spacing: normal; orphans: 2; text-indent: 0px; text-transform: none; white-space: normal; widows: 2; word-spacing: 0px; -webkit-text-stroke-width: 0px; text-decoration-style: initial; text-decoration-color: initial; width: 610px;\"><img class=\"size-medium wp-image-10365\" style=\"border: 0px; vertical-align: middle; height: auto; max-width: 100%; margin-bottom: 20px;\" src=\"https://agiadinh.net/wp-content/uploads/2018/11/cach-lam-chan-gio-ham-mang5-1-600x393.jpg\" sizes=\"(max-width: 600px) 100vw, 600px\" srcset=\"https://agiadinh.net/wp-content/uploads/2018/11/cach-lam-chan-gio-ham-mang5-1-600x393.jpg 600w, https://agiadinh.net/wp-content/uploads/2018/11/cach-lam-chan-gio-ham-mang5-1-90x60.jpg 90w, https://agiadinh.net/wp-content/uploads/2018/11/cach-lam-chan-gio-ham-mang5-1.jpg 700w\" alt=\"C&aacute;ch l&agrave;m ch&acirc;n gi&ograve; hầm măng \" width=\"600\" height=\"393\" />\r\n<p class=\"wp-caption-text\" style=\"margin-bottom: 5px; margin-top: 0px; font-size: 15px; color: #000000; font-family: Play, sans-serif; -webkit-font-smoothing: antialiased;\">C&aacute;ch l&agrave;m ch&acirc;n gi&ograve; hầm măng kh&ocirc;</p>\r\n</div>\r\n<h3 id=\"cach-lam-chan-gio-ham-mang-kho-3\" style=\"margin-bottom: 10px; line-height: 1.3em; font-weight: bold; margin-top: 0px; color: #40454d; font-family: \'Open Sans\', sans-serif; font-size: 18px; font-style: normal; font-variant-ligatures: normal; font-variant-caps: normal; letter-spacing: normal; orphans: 2; text-align: start; text-indent: 0px; text-transform: none; white-space: normal; widows: 2; word-spacing: 0px; -webkit-text-stroke-width: 0px; background-color: #ffffff; text-decoration-style: initial; text-decoration-color: initial;\">C&aacute;ch l&agrave;m ch&acirc;n gi&ograve; hầm măng kh&ocirc;</h3>\r\n<h4 id=\"buoc-1-so-che-nguyen-lieu-4\" style=\"margin-bottom: 10px; line-height: 1.3em; font-weight: bold; margin-top: 0px; color: #40454d; font-family: \'Open Sans\', sans-serif; font-size: 14px; font-style: normal; font-variant-ligatures: normal; font-variant-caps: normal; letter-spacing: normal; orphans: 2; text-align: start; text-indent: 0px; text-transform: none; white-space: normal; widows: 2; word-spacing: 0px; -webkit-text-stroke-width: 0px; background-color: #ffffff; text-decoration-style: initial; text-decoration-color: initial;\">Bước 1: Sơ chế nguy&ecirc;n liệu</h4>\r\n<p style=\"margin-bottom: 20px; margin-top: 0px; color: #333333; font-family: Arial, Helvetica, sans-serif; font-size: 14px; font-style: normal; font-variant-ligatures: normal; font-variant-caps: normal; font-weight: 400; letter-spacing: normal; orphans: 2; text-align: start; text-indent: 0px; text-transform: none; white-space: normal; widows: 2; word-spacing: 0px; -webkit-text-stroke-width: 0px; background-color: #ffffff; text-decoration-style: initial; text-decoration-color: initial;\">Ch&acirc;n gi&ograve; l&agrave;m sạch chặt miếng vừa ăn, sau đ&oacute; ướp với nước mắm, m&igrave; ch&iacute;nh.&nbsp;<strong style=\"font-weight: bold;\">C&aacute;ch l&agrave;m gi&ograve; heo kho măng kh&ocirc;</strong>&nbsp;ngon l&agrave; ch&acirc;n gi&ograve; n&ecirc;n ướp trong khoảng 20 &ndash; 30 ph&uacute;t cho ngấm gia vị.</p>\r\n<div id=\"attachment_10358\" class=\"wp-caption aligncenter\" style=\"margin: auto auto 20px; float: none; background-color: #f8f8f8; outline: #eaeaea solid 1px; border: 0px; padding: 5px 5px 10px; text-align: center; max-width: 100%; box-sizing: border-box; color: #333333; font-family: Arial, Helvetica, sans-serif; font-size: 14px; font-style: normal; font-variant-ligatures: normal; font-variant-caps: normal; font-weight: 400; letter-spacing: normal; orphans: 2; text-indent: 0px; text-transform: none; white-space: normal; widows: 2; word-spacing: 0px; -webkit-text-stroke-width: 0px; text-decoration-style: initial; text-decoration-color: initial; width: 610px;\"><img class=\"size-medium wp-image-10358\" style=\"border: 0px; vertical-align: middle; height: auto; max-width: 100%; margin-bottom: 20px;\" src=\"https://agiadinh.net/wp-content/uploads/2018/11/cach-lam-chan-gio-ham-mang18-600x404.jpg\" sizes=\"(max-width: 600px) 100vw, 600px\" srcset=\"https://agiadinh.net/wp-content/uploads/2018/11/cach-lam-chan-gio-ham-mang18-600x404.jpg 600w, https://agiadinh.net/wp-content/uploads/2018/11/cach-lam-chan-gio-ham-mang18-90x60.jpg 90w, https://agiadinh.net/wp-content/uploads/2018/11/cach-lam-chan-gio-ham-mang18-180x120.jpg 180w, https://agiadinh.net/wp-content/uploads/2018/11/cach-lam-chan-gio-ham-mang18-95x64.jpg 95w, https://agiadinh.net/wp-content/uploads/2018/11/cach-lam-chan-gio-ham-mang18.jpg 699w\" alt=\"C&aacute;ch l&agrave;m ch&acirc;n gi&ograve; hầm măng \" width=\"600\" height=\"404\" />\r\n<p class=\"wp-caption-text\" style=\"margin-bottom: 5px; margin-top: 0px; font-size: 15px; color: #000000; font-family: Play, sans-serif; -webkit-font-smoothing: antialiased;\">Ch&acirc;n gi&ograve; chặt miếng vừa ăn rồi ướp gia vị</p>\r\n</div>\r\n<p style=\"margin-bottom: 20px; margin-top: 0px; color: #333333; font-family: Arial, Helvetica, sans-serif; font-size: 14px; font-style: normal; font-variant-ligatures: normal; font-variant-caps: normal; font-weight: 400; letter-spacing: normal; orphans: 2; text-align: start; text-indent: 0px; text-transform: none; white-space: normal; widows: 2; word-spacing: 0px; -webkit-text-stroke-width: 0px; background-color: #ffffff; text-decoration-style: initial; text-decoration-color: initial;\">Măng kh&ocirc; ng&acirc;m với nước gạo hoặc nước ấm khoảng 3 &ndash; 4 tiếng. Rửa sạch rồi cho v&agrave;o nồi luộc.</p>\r\n<div id=\"attachment_10359\" class=\"wp-caption aligncenter\" style=\"margin: auto auto 20px; float: none; background-color: #f8f8f8; outline: #eaeaea solid 1px; border: 0px; padding: 5px 5px 10px; text-align: center; max-width: 100%; box-sizing: border-box; color: #333333; font-family: Arial, Helvetica, sans-serif; font-size: 14px; font-style: normal; font-variant-ligatures: normal; font-variant-caps: normal; font-weight: 400; letter-spacing: normal; orphans: 2; text-indent: 0px; text-transform: none; white-space: normal; widows: 2; word-spacing: 0px; -webkit-text-stroke-width: 0px; text-decoration-style: initial; text-decoration-color: initial; width: 610px;\"><img class=\"wp-image-10359\" style=\"border: 0px; vertical-align: middle; height: auto; max-width: 100%; margin-bottom: 20px;\" src=\"https://agiadinh.net/wp-content/uploads/2018/11/cach-lam-chan-gio-ham-mang1.jpg\" sizes=\"(max-width: 600px) 100vw, 600px\" srcset=\"https://agiadinh.net/wp-content/uploads/2018/11/cach-lam-chan-gio-ham-mang1.jpg 550w, https://agiadinh.net/wp-content/uploads/2018/11/cach-lam-chan-gio-ham-mang1-90x60.jpg 90w, https://agiadinh.net/wp-content/uploads/2018/11/cach-lam-chan-gio-ham-mang1-180x120.jpg 180w, https://agiadinh.net/wp-content/uploads/2018/11/cach-lam-chan-gio-ham-mang1-95x64.jpg 95w\" alt=\"C&aacute;ch l&agrave;m ch&acirc;n gi&ograve; hầm măng \" width=\"600\" height=\"399\" />\r\n<p class=\"wp-caption-text\" style=\"margin-bottom: 5px; margin-top: 0px; font-size: 15px; color: #000000; font-family: Play, sans-serif; -webkit-font-smoothing: antialiased;\">Măng kh&ocirc; ng&acirc;m 4 &ndash; 5 tiếng</p>\r\n</div>\r\n<p style=\"margin-bottom: 20px; margin-top: 0px; color: #333333; font-family: Arial, Helvetica, sans-serif; font-size: 14px; font-style: normal; font-variant-ligatures: normal; font-variant-caps: normal; font-weight: 400; letter-spacing: normal; orphans: 2; text-align: start; text-indent: 0px; text-transform: none; white-space: normal; widows: 2; word-spacing: 0px; -webkit-text-stroke-width: 0px; background-color: #ffffff; text-decoration-style: initial; text-decoration-color: initial;\">H&agrave;nh kh&ocirc; băm nhỏ, h&agrave;nh l&aacute; rửa sạch, th&aacute;i nhỏ, gốc chẻ th&agrave;nh sợi d&agrave;i.</p>\r\n<div id=\"attachment_10360\" class=\"wp-caption aligncenter\" style=\"margin: auto auto 20px; float: none; background-color: #f8f8f8; outline: #eaeaea solid 1px; border: 0px; padding: 5px 5px 10px; text-align: center; max-width: 100%; box-sizing: border-box; color: #333333; font-family: Arial, Helvetica, sans-serif; font-size: 14px; font-style: normal; font-variant-ligatures: normal; font-variant-caps: normal; font-weight: 400; letter-spacing: normal; orphans: 2; text-indent: 0px; text-transform: none; white-space: normal; widows: 2; word-spacing: 0px; -webkit-text-stroke-width: 0px; text-decoration-style: initial; text-decoration-color: initial; width: 610px;\"><img class=\"size-medium wp-image-10360\" style=\"border: 0px; vertical-align: middle; height: auto; max-width: 100%; margin-bottom: 20px;\" src=\"https://agiadinh.net/wp-content/uploads/2018/11/cach-lam-chan-gio-ham-mang19-600x450.png\" sizes=\"(max-width: 600px) 100vw, 600px\" srcset=\"https://agiadinh.net/wp-content/uploads/2018/11/cach-lam-chan-gio-ham-mang19-600x450.png 600w, https://agiadinh.net/wp-content/uploads/2018/11/cach-lam-chan-gio-ham-mang19-768x576.png 768w, https://agiadinh.net/wp-content/uploads/2018/11/cach-lam-chan-gio-ham-mang19.png 800w, https://agiadinh.net/wp-content/uploads/2018/11/cach-lam-chan-gio-ham-mang19-45x35.png 45w\" alt=\"C&aacute;ch l&agrave;m ch&acirc;n gi&ograve; hầm măng \" width=\"600\" height=\"450\" />\r\n<p class=\"wp-caption-text\" style=\"margin-bottom: 5px; margin-top: 0px; font-size: 15px; color: #000000; font-family: Play, sans-serif; -webkit-font-smoothing: antialiased;\">H&agrave;nh kh&ocirc; th&aacute;i nhỏ</p>\r\n</div>\r\n<h4 id=\"buoc-2-luoc-mang-5\" style=\"margin-bottom: 10px; line-height: 1.3em; font-weight: bold; margin-top: 0px; color: #40454d; font-family: \'Open Sans\', sans-serif; font-size: 14px; font-style: normal; font-variant-ligatures: normal; font-variant-caps: normal; letter-spacing: normal; orphans: 2; text-align: start; text-indent: 0px; text-transform: none; white-space: normal; widows: 2; word-spacing: 0px; -webkit-text-stroke-width: 0px; background-color: #ffffff; text-decoration-style: initial; text-decoration-color: initial;\">Bước 2: Luộc măng</h4>\r\n<p style=\"margin-bottom: 20px; margin-top: 0px; color: #333333; font-family: Arial, Helvetica, sans-serif; font-size: 14px; font-style: normal; font-variant-ligatures: normal; font-variant-caps: normal; font-weight: 400; letter-spacing: normal; orphans: 2; text-align: start; text-indent: 0px; text-transform: none; white-space: normal; widows: 2; word-spacing: 0px; -webkit-text-stroke-width: 0px; background-color: #ffffff; text-decoration-style: initial; text-decoration-color: initial;\"><strong style=\"font-weight: bold;\">C&aacute;ch l&agrave;m ch&acirc;n gi&ograve; hầm măng kh&ocirc;</strong>&nbsp;ngon, kh&ocirc;ng bị đắng đ&oacute; l&agrave; trước khi nấu bạn luộc măng v&agrave; thay nước trong l&uacute;c luộc khoảng 2-3 lần, cứ thay nước đến khi n&agrave;o nước luộc măng trong l&agrave; được.</p>\r\n<div id=\"attachment_10362\" class=\"wp-caption aligncenter\" style=\"margin: auto auto 20px; float: none; background-color: #f8f8f8; outline: #eaeaea solid 1px; border: 0px; padding: 5px 5px 10px; text-align: center; max-width: 100%; box-sizing: border-box; color: #333333; font-family: Arial, Helvetica, sans-serif; font-size: 14px; font-style: normal; font-variant-ligatures: normal; font-variant-caps: normal; font-weight: 400; letter-spacing: normal; orphans: 2; text-indent: 0px; text-transform: none; white-space: normal; widows: 2; word-spacing: 0px; -webkit-text-stroke-width: 0px; text-decoration-style: initial; text-decoration-color: initial; width: 610px;\"><img class=\"size-medium wp-image-10362\" style=\"border: 0px; vertical-align: middle; height: auto; max-width: 100%; margin-bottom: 20px;\" src=\"https://agiadinh.net/wp-content/uploads/2018/11/cach-lam-chan-gio-ham-mang4-600x420.jpg\" sizes=\"(max-width: 600px) 100vw, 600px\" srcset=\"https://agiadinh.net/wp-content/uploads/2018/11/cach-lam-chan-gio-ham-mang4-600x420.jpg 600w, https://agiadinh.net/wp-content/uploads/2018/11/cach-lam-chan-gio-ham-mang4-120x85.jpg 120w, https://agiadinh.net/wp-content/uploads/2018/11/cach-lam-chan-gio-ham-mang4-768x538.jpg 768w, https://agiadinh.net/wp-content/uploads/2018/11/cach-lam-chan-gio-ham-mang4-800x560.jpg 800w, https://agiadinh.net/wp-content/uploads/2018/11/cach-lam-chan-gio-ham-mang4.jpg 1000w\" alt=\"C&aacute;ch l&agrave;m ch&acirc;n gi&ograve; hầm măng \" width=\"600\" height=\"420\" />\r\n<p class=\"wp-caption-text\" style=\"margin-bottom: 5px; margin-top: 0px; font-size: 15px; color: #000000; font-family: Play, sans-serif; -webkit-font-smoothing: antialiased;\">Luộc măng</p>\r\n</div>\r\n<p style=\"margin-bottom: 20px; margin-top: 0px; color: #333333; font-family: Arial, Helvetica, sans-serif; font-size: 14px; font-style: normal; font-variant-ligatures: normal; font-variant-caps: normal; font-weight: 400; letter-spacing: normal; orphans: 2; text-align: start; text-indent: 0px; text-transform: none; white-space: normal; widows: 2; word-spacing: 0px; -webkit-text-stroke-width: 0px; background-color: #ffffff; text-decoration-style: initial; text-decoration-color: initial;\">Sau đ&oacute; bạn vớt ra ngo&agrave;i rổ để r&aacute;o nước, th&aacute;i th&agrave;nh miếng to rồi rửa lại với nước lạnh.</p>\r\n<h4 id=\"buoc-3-xao-qua-thit-chan-gio-voi-mang-6\" style=\"margin-bottom: 10px; line-height: 1.3em; font-weight: bold; margin-top: 0px; color: #40454d; font-family: \'Open Sans\', sans-serif; font-size: 14px; font-style: normal; font-variant-ligatures: normal; font-variant-caps: normal; letter-spacing: normal; orphans: 2; text-align: start; text-indent: 0px; text-transform: none; white-space: normal; widows: 2; word-spacing: 0px; -webkit-text-stroke-width: 0px; background-color: #ffffff; text-decoration-style: initial; text-decoration-color: initial;\">Bước 3: X&agrave;o qua thịt ch&acirc;n gi&ograve; với măng</h4>\r\n<p style=\"margin-bottom: 20px; margin-top: 0px; color: #333333; font-family: Arial, Helvetica, sans-serif; font-size: 14px; font-style: normal; font-variant-ligatures: normal; font-variant-caps: normal; font-weight: 400; letter-spacing: normal; orphans: 2; text-align: start; text-indent: 0px; text-transform: none; white-space: normal; widows: 2; word-spacing: 0px; -webkit-text-stroke-width: 0px; background-color: #ffffff; text-decoration-style: initial; text-decoration-color: initial;\">Bắc chảo l&ecirc;n bếp cho n&oacute;ng, đổ dầu ăn v&agrave; h&agrave;nh kh&ocirc; v&agrave;o phi thơm, cho ch&acirc;n gi&ograve; đ&atilde; ướp v&agrave;o x&agrave;o qua đến khi thịt săn lại th&igrave; cho măng v&agrave;o x&agrave;o c&ugrave;ng. N&ecirc;m nếm nước mắm, m&igrave; ch&iacute;nh v&agrave;o đảo đều.</p>\r\n<div id=\"attachment_10363\" class=\"wp-caption aligncenter\" style=\"margin: auto auto 20px; float: none; background-color: #f8f8f8; outline: #eaeaea solid 1px; border: 0px; padding: 5px 5px 10px; text-align: center; max-width: 100%; box-sizing: border-box; color: #333333; font-family: Arial, Helvetica, sans-serif; font-size: 14px; font-style: normal; font-variant-ligatures: normal; font-variant-caps: normal; font-weight: 400; letter-spacing: normal; orphans: 2; text-indent: 0px; text-transform: none; white-space: normal; widows: 2; word-spacing: 0px; -webkit-text-stroke-width: 0px; text-decoration-style: initial; text-decoration-color: initial; width: 610px;\"><img class=\"wp-image-10363\" style=\"border: 0px; vertical-align: middle; height: auto; max-width: 100%; margin-bottom: 20px;\" src=\"https://agiadinh.net/wp-content/uploads/2018/11/cach-lam-chan-gio-ham-mang5.jpg\" sizes=\"(max-width: 600px) 100vw, 600px\" srcset=\"https://agiadinh.net/wp-content/uploads/2018/11/cach-lam-chan-gio-ham-mang5.jpg 550w, https://agiadinh.net/wp-content/uploads/2018/11/cach-lam-chan-gio-ham-mang5-90x60.jpg 90w, https://agiadinh.net/wp-content/uploads/2018/11/cach-lam-chan-gio-ham-mang5-180x120.jpg 180w, https://agiadinh.net/wp-content/uploads/2018/11/cach-lam-chan-gio-ham-mang5-95x64.jpg 95w\" alt=\"C&aacute;ch l&agrave;m ch&acirc;n gi&ograve; hầm măng \" width=\"600\" height=\"399\" />\r\n<p class=\"wp-caption-text\" style=\"margin-bottom: 5px; margin-top: 0px; font-size: 15px; color: #000000; font-family: Play, sans-serif; -webkit-font-smoothing: antialiased;\">X&agrave;o măng với ch&acirc;n gi&ograve;</p>\r\n</div>\r\n<h4 id=\"buoc-4-ninh-chan-gio-mang-kho-7\" style=\"margin-bottom: 10px; line-height: 1.3em; font-weight: bold; margin-top: 0px; color: #40454d; font-family: \'Open Sans\', sans-serif; font-size: 14px; font-style: normal; font-variant-ligatures: normal; font-variant-caps: normal; letter-spacing: normal; orphans: 2; text-align: start; text-indent: 0px; text-transform: none; white-space: normal; widows: 2; word-spacing: 0px; -webkit-text-stroke-width: 0px; background-color: #ffffff; text-decoration-style: initial; text-decoration-color: initial;\">Bước 4: Ninh ch&acirc;n gi&ograve; măng kh&ocirc;</h4>\r\n<p style=\"margin-bottom: 20px; margin-top: 0px; color: #333333; font-family: Arial, Helvetica, sans-serif; font-size: 14px; font-style: normal; font-variant-ligatures: normal; font-variant-caps: normal; font-weight: 400; letter-spacing: normal; orphans: 2; text-align: start; text-indent: 0px; text-transform: none; white-space: normal; widows: 2; word-spacing: 0px; -webkit-text-stroke-width: 0px; background-color: #ffffff; text-decoration-style: initial; text-decoration-color: initial;\">Sau khi x&agrave;o qua cho nước v&agrave;o ninh ch&acirc;n gi&ograve; măng kh&ocirc; ở lửa nhỏ để ch&acirc;n gi&ograve; ch&iacute;n nhừ. D&ugrave;ng mu&ocirc;i vớt bọt để canh măng gi&ograve; được trong. Ninh tầm 40 ph&uacute;t cho ch&acirc;n gi&ograve; ch&iacute;n nhừ th&igrave; n&ecirc;m nếm lại một lần nữa rổi cho h&agrave;nh l&aacute; cắt kh&uacute;c v&agrave;o v&agrave; tắt bếp.</p>\r\n<div id=\"attachment_10364\" class=\"wp-caption aligncenter\" style=\"margin: auto auto 20px; float: none; background-color: #f8f8f8; outline: #eaeaea solid 1px; border: 0px; padding: 5px 5px 10px; text-align: center; max-width: 100%; box-sizing: border-box; color: #333333; font-family: Arial, Helvetica, sans-serif; font-size: 14px; font-style: normal; font-variant-ligatures: normal; font-variant-caps: normal; font-weight: 400; letter-spacing: normal; orphans: 2; text-indent: 0px; text-transform: none; white-space: normal; widows: 2; word-spacing: 0px; -webkit-text-stroke-width: 0px; text-decoration-style: initial; text-decoration-color: initial; width: 610px;\"><img class=\"size-medium wp-image-10364\" style=\"border: 0px; vertical-align: middle; height: auto; max-width: 100%; margin-bottom: 20px;\" src=\"https://agiadinh.net/wp-content/uploads/2018/11/cach-lam-chan-gio-ham-mang2-1-600x428.jpg\" sizes=\"(max-width: 600px) 100vw, 600px\" srcset=\"https://agiadinh.net/wp-content/uploads/2018/11/cach-lam-chan-gio-ham-mang2-1-600x428.jpg 600w, https://agiadinh.net/wp-content/uploads/2018/11/cach-lam-chan-gio-ham-mang2-1-120x85.jpg 120w, https://agiadinh.net/wp-content/uploads/2018/11/cach-lam-chan-gio-ham-mang2-1-768x548.jpg 768w, https://agiadinh.net/wp-content/uploads/2018/11/cach-lam-chan-gio-ham-mang2-1-800x571.jpg 800w, https://agiadinh.net/wp-content/uploads/2018/11/cach-lam-chan-gio-ham-mang2-1.jpg 1000w\" alt=\"C&aacute;ch l&agrave;m ch&acirc;n gi&ograve; hầm măng \" width=\"600\" height=\"428\" />\r\n<p class=\"wp-caption-text\" style=\"margin-bottom: 5px; margin-top: 0px; font-size: 15px; color: #000000; font-family: Play, sans-serif; -webkit-font-smoothing: antialiased;\">Ninh ch&acirc;n gi&ograve; với măng kho</p>\r\n<p class=\"wp-caption-text\" style=\"margin-bottom: 5px; margin-top: 0px; font-size: 15px; color: #000000; font-family: Play, sans-serif; -webkit-font-smoothing: antialiased;\">&nbsp;</p>\r\n<p class=\"wp-caption-text\" style=\"margin-bottom: 5px; margin-top: 0px; font-size: 15px; color: #000000; font-family: Play, sans-serif; -webkit-font-smoothing: antialiased;\"><img title=\"download.jpg\" src=\"data:image/jpeg;base64,/9j/4AAQSkZJRgABAQAAAQABAAD/2wCEAAoHCBISEhESERISERESDxESERIRERIREhESGBQZGhgUGRgcIS4lHB4sIRgZJkYmKy80NUM1GiQ7QDs0Py40NTEBDAwMEA8QHxISHjQrJCs0NjQ0MTQ0NDQ0NDU0NDQ2MTQ0NDQ0NDQ0NDQ0ODQ0NDQ0NDE0NDE0NDQ0NDQ0NDQ0NP/AABEIAKMBNgMBIgACEQEDEQH/xAAbAAACAwEBAQAAAAAAAAAAAAABAgADBQQGB//EAEUQAAICAQMCBAMEBAoKAgMAAAECABEDBBIhBTETIkFRBmFxMoGRoRQjQlIkMzRicnSCsbLBFVNkc4Oi0eHw8UPCVJKz/8QAGQEAAwEBAQAAAAAAAAAAAAAAAAECAwQG/8QAKxEAAgIBAwIFBAIDAAAAAAAAAAECERIDITFBURMyYXGBBCKRsdHwI0Oh/9oADAMBAAIRAxEAPwDIhqOEhCT1tnkaZXUIlm2HbCxYsSoQssCwhYWGLECw1H2w7IsgcRAIQI+2OqwyEosrCywJHCx1WS5GsYiqsYCMFjARNmqiKBHCw7Y6iQ5FxRFEtUSKIwElstIgEcCQCOBJbLSIBGAgAjgSbKSCBGEgEYCJsslQgSQ1JsYJIwElQsCRY1QVFYAkMkkdgKRFMciKZSYCEQER4CI7EVkRajkQEQsBCJI1SR2B58JGCS0JDtmmRyYFPhyBJfth2wyE4IpGOHZLgsOyGYsCnbIEl22HbDIMCrbGCyzbCFhkGAgWMFjBYwWGRSiKBGCxgscLJyKURAscCMBCBFkNIAjqJAI6iS2WkQCMBIBHAisdEAjhYAJaokNlpAAhqHbDULKoWowEMlRWAIYZKhYAqCo9QQsBKgMeoKjsBICIxghYCxajkQQsBCIpEsIgjsCupI9SQsKMcLDtlgWELLszxK9sgWW7YdsLFiVbYdst2ybYWJxKtsNS3bBULFQgWHbGEYCGQqFCxgsNQgRZDoULGCxgIwWLIqhAscLGAhqLIaiACMFkAjgRWOgBYwEIEcCJsqgKIyyARwslspIkkkYCKwoENQ1CIWFAqSpI0VjFMWNJGAsEYiAiFgKRFIjwGOxUJAYxEEdiBBUapKhY6EqSPUEMgozdsO2Pth2x5BQlSVH2w7YsgorqNtj7ZNseQmiupldW1jJSJw7EAGrNm6AHqePnwOxmyRMLCBk1R5BGPxGYAg04Ixr27cB+/N3M5ydUnuzTRjFtuStJWV1qk85bdxyCAaI55A/Dj/PjU0mpGQdqI7j/ADB7Edu3vKeu8afL/QC/czBT/fOBdP4aLqMSnc2NTkG4mhRPFg0LPNVwJlm4zxTtVbs1qOpC2kndKlt8noAI4WVabKHHsQaI9RzV/Q1LwJ0ZXucrg06ZAJKjARgIrChQIwEIEYCKx0KBGAhAjAQsdAAhAhCxqisdEAjSAQ1E2OgVDDUIhYUQSQyRWFAhkhhY6BJUMlQsKFIi1LICIWFFZEEs2wbY8hUVGCpZtgqGQUJthqNUlQsdCVDGqSFhRn7YajhYdsLHQlSVH2w7YWDRXUNR9slQsVFZEyOlLeXK3fyY/W+d+Qn6dxxLuuapseMFWKE5EBYVYXcN3fjsDK+jismVL3FUxLusEna2RTdcd1uq7kzJzTmo9jWMGtNy7g+Iv5Pk/sf41k6C+/EAf2HyIfuc1+REb4lH8Hyf8P8AxrK+j+XJlT0ZcOVfnuQBj+KzGTa+qT6VRUY39O162P4R07jYP1bGlXsFJKjYAqkn1I+8e162FwwDDsRYsUfvHpJlwq6lWFqRRmXpsjYMhxvZU8hqUBhz57vuAoBHf1m94v0Jx8SPqv8AqNgCMBIhuOBNMjGiBZAsYCGTYUACECGowELHQAIQIwEMVjoUCMBDUlQsKJUlRhJFYULtk2xwIahYUV1JUsqAiFhQoEkNSVCwoFQVHqSoWFCVJUaoKjsKBUFRpKgOhakqGoahYUJtkj1JCwoz6hqNUNRWXQtSVHqSo7FQtQER9shWFio898U47xKB3bKii+1kNE6IxOQFmLM+Elr2cMjkMPKBVFyKM6PiRfJhHvqsQ/JpThHh6sqbouzDtW3Km4/8+M/iJxyda+Xsjrgr0XH3Zf8AEy/wZ/qn+IStE2Z9K3+s07YyfS1UOv8AnLfic/wZ/wCkn+MQdUG3Dhy/6p8OQ/0eFI/Boar/AMjfZJkaa+xLu2jZCzm1+j8RCAdrgHY1XtNfmPSp2LGqdb3Rgri7Ri9N1TKTjzEBw9c0oDMzbEUexA4/8rXBmd1dFULk7ODsSlLeJu48Mgd7/vqeZw9eyDK2PM2VNh8TCj7EbKQr1gyPxVsVon0UWLMwestN4s6FovVWUflfwe6Eepy6XNuVSdocorMqtu2386BI7816TqE2yvdHM1WzCBGqQQ1HYEkqSoYrAkkkNQsCQyARgIrCiRgIKhisdEkqGSKwoWoNseSOwoQiSo0kLChKgjkRajsKFqSo22HbCx0JUNQ1DULChakj7ZIWOjPqGo1Q1FZdC1JUeoahbFQlSVHqSoWKjA+Ih/Jh/tmL/wC0XraFHxZVv1Q1fNEZEH3lCv8AblvxEvOlr/8ALxfjzOrq2IthehbIBkQe7IQwH31X3zllu51zs/wbwdY36nF8TEHTN7FsZB9xuE7NTpt+nfGB9rCQPrt4/OpjdSzBtFwb2Oid78vDJfJ52FD989NgHlX6D+6OLUpv1SFKLhFLs2c/SM3iYcb+pRb/AKVUfzud22ZPQKVcuL/VajIoH8wncp/M/hNkCbaUm4KzLUjUnRi9fNLhPtqsB/Br/wApxfEnRTmUZMW1cyHcCV8x7cqRyGAHH/ojq+LDWFT7ZkP4KxmwFsfWZ7TnKL7I0jKUEpR9Tw/w71BxkXE48PLvXxXIs58aqVRSTYVgSoJNeVe/lqez0epXIi5MZJRr2llZCaNXTAH0nn/ifoByq2TEWDgAsi1WSrpvfcLP1v378fROsOC3iqzalkx48eMPYzBNzF0VQQDRYki72igS0zjJ6UsZcd+xvq6cdaPiQ56o9usYTnwZlcEoyuFdkJVgwDqaZePUES8TrbOGhgIaguZOr+IMWNiiHxHUqGVCKXcQBuPp3EiU4xVt0XHTlLZKzXqECYBzazIGZPKK8oQJyCARRcUx5PINWo7WZ06Xq4BK5wcfNB3ARSbA2tyQrWR8jF4iLei0tqfsbAWGpBDKsyoFSQ1JULCgSRqimFhQHYAEkgAAkk8AAdyZnt1End4WN8m0lSR5RY9LP/uc76ldU6Y8bE4gA7uu4BvZAa79uLB5HE2MeMKoVQFUAAACgB7ARJ3wXSjyjNTqoBrLjfDZNFxa9+LYdvT5fgZpA32kyYgwIYAg+hmdplOncYz/ABTmsZ58jei+wB7V7kUOaBdBipcGjJDUhEdk0CSGpKhY6BJIRXJ4HueBOXL1TAnHiBjzxjBfkdxY4H4yXNLljUG+EdckxsnxB22YjRF27BT9KAP98kjxo9zTwJdjt2w7Y9SVLyFQtQ1GkqGQYgqCo1SVHYqMH4gHn0n9bxzS1L7MbvQO1Gaj2NKTUz+u/wAZpB/tSTu6pxp859sGQ/8AIZgnUpsvG1Fe543VuV07JwQGRGoniiXxtR7Ao9d78o9p7jCOB9J4rqieHjVDZ3bEv2bESBfveN8f4T2ehyB0DCvY0bG4d6PqPUH2ImP0svvafRI2+oVxTODTDZrMq+mXDjyD2tCUP94mzUyepDZqNJk7Au+FvnvXy/ms1xOjTdNx9f2c81aT9DD+Kce7HjX97UIvHzVxNLQPuxY2/exo34qDOTro/kv9ewD/ABTo6H/JsIPpjCn6r5f8pnF1rP2RTX+Ne51Mk8p8SfDYcnUYAVyqTkYIBbsOQw+fHb7+/Dex2zi1WrRDt5d+PKtcXdFmPCjj159gZtNRkqkLSlKMrieQ6D18kJj8RGOMZMmYKjA6gFWasYIBD7qJsCyW7VR9avUEOJMwsq+IZEUC3ZCobgfQj5c95434j6cuRhlRGTKbYDGNnmVdxtu+4UewHa7BPPb0PBn1KBnyhHDsUcbn3UK2A2AQCG+8GrG6ufTnKLx5X6OzU0YSWfHc09TqMmV9mPzEMNyL5kGNuN7XR3Ahu57L2BK3R1npox6bNkY78z+EHccbqfj6nzEe3agJ1lsml8DHtAx+KwJTbeQDExpi1WxPNnkkd5b8Q50fR5XQggOgNd1YZUsEeh+Ueo1KEr5oxTaaUeLNHp+XxMePJ6uisfqRyPxi6/QLlUjgMVIBIJU8EAOP2l5PHzPzuvog2rlx8/q9TlUWSfKx8RfycfhNOppB3BWYtYzuJgdM1bYmOHJYVT5SxFoCxC2b7Hjgdu/Y8bwnnuq6Y5dWmMPtZNOM2MUu05FdlIawfRvuIuaHSdXf6p7DoAOSWPb7JaqLCj93vyYRnyuxepBNKS56mlth2xpJdmNC1Mvr2q8PCwX7eQ+Fjrv4jggH7uT901Z5vqo8bVYk7riyLXPHibDlY/cqIP8AiGROTS26lQinLc6/h7CAjZNqgu/oKtALTuAeAwFG+AOZs1M/oKgafHX7o7V7fLiaMpPYJL7mLU4+pYA+Nu9gbgQaIrvR9DV/lO2AiOxLZ2ZvR9Y2RHDsrPjyNjcqAAT3FAE+hA7nkGaE8tpHOHWOedjDHjezYHmbGrdz2cKPT+MJmj8QPlUIUdkxm1fbS03pbdwDyJmtWk76Gj07lS6ndqtdix8O43fuL5n/AAHb75l6jrWRuMaDGORufzP8iB2H5zA12qGHG2Tw2cAbuCF3biBQvk974Ha53aTF4mPHkYkeIiPtXgDcoNX3PeYT15Pg3joRXO5XqczOf1js5PmAYk8j91fT7pWoY/ZRvezSj8+fyjdX6OufGMYbwxvDMVWywphXce/r7Svomqz5GzLlxnGmNwmMlWXeAWBbzd+ynj3mLk5bm9KJaNPkPcqPxP8A0kmgVkk3IexuVJUME78jiolSVJcNx5BRKkkkhkLEw+ti82j/AKx/cBOzrH8m1H9Xy/4DOPrQ/hGi/wB65/BRO3rf8l1H+4yf4DMMt5mmPB534px7ca8fafC47Xex1f8AJcc3MhODIcnJxZP4wVfhkd2/84oEd6vP+LcYOLDf2hmVB9GRr/widCZhkTSDINwOQ48qk8DIisoJH9ML95BmcZY6rXsXVxXydHxAt6dnWicbJlT+wwN/hc08bhgCOxAI+hmSyHEGw5OcGRGVHIP6uwbDHny19K+n2b+gZi+mxX3VfDPN8oSv+U3Uqn7r9GUofb8idc76T+vYP7nl3RmC4mDGgmfUL+GZ6/vE5fiDMq/o9keXV4nIv0Ab/qJkZ9XkrOUdUKZjlVHGzIbAYbVb7NjeCW+lDkzPKtRs0jpOUUja1/U/2UbZZUBm9S23Z2553fZHmPymX+lgZGxY1fxVdbx7VL5FYbrBU0FBJ59Np52kgX6bpj5rAXZpslFlyr+sJB429jRPNcC/MO5A6Ndocen/AEQpu3fpeNGyFryOrbi25vWzyfvlSk6yLSjHZcnOemlG03i7SG1RC4gAyIjK7bSa81bV+Q57zW13Tyf1mMW/coTSsf31/dcC6bjvVjuB1UfrNIP9p/8Ao81gJUGraMZSlszAfV720oa/Lqtm5ht3nwcikMpAIayRVC/oRK/ibRKunyugAFIGXtx4l+3Pma6P/aX9f0YZ8DIFXK+Rse83RVsbkg1/RHPp+U4utaxv0fPhdWD7SVBHKIrpRLFjvBvgiz9aYjOcvtkn2NIq2mvlHf03UA6rKKA8TFjegQQXRmxuR92z8Pvm4BMLrGAjJpsuOg7scV7iAd6lk7fzkH4zv0GvD2jgo6mird/WgfTdQuh6c/IVpyrZ/wBsynC90ZnUzs1uDJ+7jRW9tuTL4f5F1P3Tq6toGP67FYyKLZQLL0pAZRdbx6E9xwfSq+rYC+Z1X7TdPy7P6a5EKn8amxpswyY8eQdsiI4+jAH/ADii/ua9RttJNHN03XLlX0Dr9oA369/+3ofuJ7qmN1HQNjbx8FhltnRQTYu2ZVAtmPt/n37ena9cy/uuAN6exoHj5cj8R7i9VLoyZQTVrj9F2pzLjxvkc0qIzsfkoszE6djK5UOQhXx6bJqM1nhcmd7IJ9lCMv0E0OqfrHw4B2d/Eyf7vGQa+9yg+hMxdSzZ8+bEtbcmpTHkPP8AFY0B2AjsS3iH+yB+0JnOW4Rjsa/QHvFXPlIHIZeAoHZue4I9OQZpkTN048PUZEqkyKHSqA3c2vb3Dnue47VLNT1EK3h41ORz+yvYc0ST+Py4IsGaKQpRt7HbAZmrpc+TnLl2A/8Ax4rHtwX7+n5xM3TtPjAbI/7SgNkdT5uOBY/m3X19zHkGC7nC+NMmoZW+y759M9MCRvUuDwTRvHxdc+kv1mtb9DzM678mJWTIo43ZEIsjvW4Uw+TCYSaVkxabUjJkA3gZKbcDsC2fqNmWvm/zuaPVUyomUgjKupwMgZB3yLjZkbaK+0OK9lXzTnUk2/7sbuHFM8P1bO+syYBjxr4gRkCeIpILAHaxNUe/tNzFlyOMOHHk2PokxHWJyA4VV8ikA7vsMO4HM82MWXHlLIyJkxuTkKndT8jjg/OUtqsiZMrM7u2TbvokbuPWu8zaVUb015d31PoXT9eufGuQDZuZgFZgW8p7zk62dUAg0gBYud5Ph8LXfzTw/TNe2NxqAoR1DrT3togiz2PrPa/6cxpp8WfO4UZFUWqswLlSaAFn0P4QUSFL8mrUkrTIGAI5BAI+hkioLN4mcur12PEBvdUu9oNlmr2UcmcfXes48GLej4y+TcuEsQUJBpmsd6v09p4n/SGJsmdi7s4dAruA4BIO9wVB3EGqPaj8pU9Vryoxao9XqvifEnG19xFhWoMRV3tWyB8yAJwD40S+cTi+wYgGp29E+GMBAzZGd/EG9Eb1DeYM5Cgkn27e4M3V0WMLtCIFqtoRQte1VUlLVly6DEy+n/EWHLQJONvZ/sn6N2M2Va54b4w6MunUajAAqB1XJjItVYkKrp7USLHau1evV8F9b8UFHY7Vxh92Rh5GDKuzdQBB3Aj538pcZTi6l+RVua3Vj/C9CP5+Y/8AIs7Ou/yXUfPE4/KcfVXQazRhmVdgzM25gu0FOCb7A1K+udX05xvhDhnZKACsV83Y762iwD6xZeY1UHtQvxf/ABeLi/4SnHv5HkxLuy5Ma9nJ1OI/7zHYP3OhM5uv68ZFwFV2j9IDU1+Im0Ne5KAHY/tflzM8a7xMoAdylvhV0KIBjYAogewlj+cx4YjuBcO83Lpsax03VP1PWajX4NoDsGLKrjGBvyUaIO0cj05PaeXXqr4QUxWuLJmZrehkRWA8oJsBrv8Ae7HtOrS9GyZcoXK6IFxtuXALBXep2hj2XntRHB9ZZphj02uOMrWM41RHbzFGIRuWPIB5/wD2lSnun60OKjHZb/o4MmkbJsdi36zU48a5nIBDEEPtTuotQws9/biauTQon6WT58iY8ZGRgCy7wQQP3RaTq61olR9K2PyM2rxLX7F7W2mvSq7DjkzG+INbkR8qOvh5MmmQPsf9WwRjzdEi94q65U8+hmcqsTbfHB7YTE+KyRjwlftLqUYfVUdv8pNN1pFw7yUase/Ftb+MxrwzMD9ggg3dj2J7RNXrcedNI29OdVj8RQa2Bkfgg89j39ZWpqRcGrMIxalZ19Va8uiI7HOSPpsP/WawnnHbzdM3HzAMrk/vIu1vzBmV1f4hz+IExsq/ryqKGWyR5RZ7lSSDyBf38StZK2/QcoNpI9P1U/rNJ/Wh/wDzeV/E2NW0uUkDcqeU9iLYWL9vl8hOMZy40gc5C41a7/EAHmONz5aA8tgj7vpOHr/xEjpkw41LK6lTkJoEgg0o9TXPPoPvlSmnF+oKLTVDZ9RkTTh3FISmdGtnByBw4QfuEBSOe+7izZnoNRhx6lN+N9riwHXuKJBRvl3F9xyQZ5nonVwMf6PlcOgDhnUb9wJCjAB6NZI59QfldGm6g6Jh8EsXKKpXy2dikAIxBAUlTa0e1+0NOfHqv0Xi5ejNzT64/pijKVRseDJjYlwfMXxsOfaiKJon1APfr6brsePG2Mm/CyZMY28rsVzs83b7LLxc8joc6ajKx1GQod+R944KttxbGX2A2kC/3fXiafQ8+JMjrqCjAuVTLkKhWpmx0AfSkQV6V7cwjP7vkJaao3snXMYuhZAbjctmvSlvvMjqOrQZA2JfDcDI7NyqbV2szAFR5mJC813N1Z3b2LqGEWEfHwSKRk9PofkTMzr2pZcuBsbAOcWpxrusAu5xqtH5MQf7Jmk5UrJiknwcmg+IMZfPme/EKhMarTWmNbKiieS7nntysu6DnxKrZnfGp2uzDcNxyZGGTI1XZ/YT/hmcfxBpcZxUlBMGzTY343PkNKxJ9Qtj7y/tMvPoCjFmRhgGPcHB2s6hSS+3jaDbkAe9Ueazy39jVacZLbY2eoa9MjFlyqmRFLEjIKXH/q0N0z/tGuSQOQtX3p1nR4MPieKgBG56O/I7epIHJ+XA4quJ43RHdqMjK7Y8ZRiCVUuVDKLJJJ2miRfoR34nNptcrOWO5RgyIudcm2maibG0dqU9x6+3Z+NV7A9GPDZ75upvk4xHEg58z5EY96rg0PQ8buD27Xy9TTLtUtq0+2u1BjFFrIFtYoHcq8j2njkDHUPqqJxZAcPgmiyOpVSxBO0DyE3fY/OZ2XANv6OjlmIZzkO48E7KB7ghivHsp9RzXiJq2QoYs9Xg1ATTZdPkZHRmybGVlBTIGO0VfYlQR2+1xNDB1DC+B8QfcTjGTEEVmOPIPMcZocbHHyABA9J4/p+3emQkO3gJWHkO7AGmU9hW4i/5wjOmMLlzB1F5VXIvcU1+c1XFggjj1nMpVTa6UaYJ/myrVaPIxGTI5Xc7jxDw2Rgprze4APv9kzlz9ObCdzBLdUbeztRU8ALXHeu4m51NcjrhcqGxvlOS8fl2ZNmx1buP2jfbkH5xOo5GIwBWQgoMZ2imQBCQoY2GIO3mvT3qOM3Zqkt10MrUdNGQhcZtSKYPaPuvsPf07S7Lp2xp4epByYMSAriKcobIRjXm5sjkgef3FTU0mlVMeSsjE7FyneVVvsn9WfLdURyAByZlaLK+RTjfE2MbmcKz7/KAxJ5Fhdw7/XmV4qrngSUEdmXVEqC2U4kDbUIYqhAHADA+Y1/d98kGswLkVcGS6s5A6qhbcvkKnd6ea/eSTHVTQm0uqO3XaVDhxoVBXE2fwwedtjGTyeT98zNboMWM5AmNQAwoEbq8p94JJL8xyyPZdazumnx7GK2UU16rt7flOJeq5wiVkP2F7hT6fMSSTo6jiZeq1+XJjyY8jb0tPKyqRw3HpMx22siqFUEEEKqqCATwaHyH4SSTn1PMXHzGi+JQdPx9rxL+fkSUapqbIeLyMWckAlirFQTfyJHzs3JJLR0R5Rfp8KnHZFldeuNbJICADiu0rONfDzcA7cjgXzVFB6wyTHU5fwRPzHpun6dMetdEG1RphQskD9eB6/KY/VXI1eSj+1kXnng4ypHPyNSSR6nk+TKPPwDWal/9H48m9t65821rO4bUbbR+UHUjePNfP8AxD5keNhkkj6fgs5utYlR/Iqr/AAbStwB3dW3H74OlZCWwG+VzIoPsABxJJMp8v3BGvmckYGvzXrTfre9zczesadEz6bEqhULWQO5JK2S3f85JJa6/AdjbXjSaIjgjL3+mJ55LSc7b52o9X6f+XJJLn5X7BAv6FjB3MRZUEg2eDvx/9T+M9crkZNQoNKH1VAdhufDur67j+Mkknt7kPqZnU8S+Pl4rZpsRSuNpCIBVSvQIGU7hfk1Tc+h+1Y9uRfEkk0XX3KjwaPQtFjyqviIG7e690Pt9B+E5Oq6DEjYwiBfO54vuFQ3+ckkqXlCPmM/W2FI3PVDgux/aU+plmTIxAtnPGTu7f/GSy+vv+PY2IJJK83wNlGpxL52rzBnUGzYBdxx8+Bz3nLpcakupAYFlLbhuLEoeWJ5P3+8MkFwjWJoazTIrOqgqGGmsKzL9pBdUePu7ek5tHosfD7fNQF2114g+fyhklS4CXQ6E0ONQNq1WTbwzdh2Hf5zKzqEUBVVR5uyL+7u9vfmSSR0QROrNhXcLs2i92Y+v1lnT8Sh2NDvk/J/+w/CSSR/sROr5QdM/jnU8qQykHkVtY1+MzsXmw5GPLfpNX60ETj6cySTPoQv5NS/1aHi/eh7CSSSQUz//2Q==\" alt=\"\" width=\"310\" height=\"163\" /></p>\r\n</div>\r\n<p style=\"margin-bottom: 20px; margin-top: 0px; color: #333333; font-family: Arial, Helvetica, sans-serif; font-size: 14px; font-style: normal; font-variant-ligatures: normal; font-variant-caps: normal; font-weight: 400; letter-spacing: normal; orphans: 2; text-align: start; text-indent: 0px; text-transform: none; white-space: normal; widows: 2; word-spacing: 0px; -webkit-text-stroke-width: 0px; background-color: #ffffff; text-decoration-style: initial; text-decoration-color: initial;\">Vậy l&agrave; ch&uacute;ng ta đ&atilde; h&ograve;a th&agrave;nh&nbsp;<strong style=\"font-weight: bold;\">c&aacute;ch l&agrave;m gi&ograve; heo kho măng kh&ocirc;</strong>&nbsp;thơm ngon đ&uacute;ng điệu rồi.</p>\r\n<p style=\"margin-bottom: 20px; margin-top: 0px; color: #333333; font-family: Arial, Helvetica, sans-serif; font-size: 14px; font-style: normal; font-variant-ligatures: normal; font-variant-caps: normal; font-weight: 400; letter-spacing: normal; orphans: 2; text-align: start; text-indent: 0px; text-transform: none; white-space: normal; widows: 2; word-spacing: 0px; -webkit-text-stroke-width: 0px; background-color: #ffffff; text-decoration-style: initial; text-decoration-color: initial;\"><img title=\"download.jpg\" src=\"data:image/jpeg;base64,/9j/4AAQSkZJRgABAQAAAQABAAD/2wCEAAoHCBISEhESERISERESDxESERIRERIREhESGBQZGhgUGRgcIS4lHB4sIRgZJkYmKy80NUM1GiQ7QDs0Py40NTEBDAwMEA8QHxISHjQrJCs0NjQ0MTQ0NDQ0NDU0NDQ2MTQ0NDQ0NDQ0NDQ0ODQ0NDQ0NDE0NDE0NDQ0NDQ0NDQ0NP/AABEIAKMBNgMBIgACEQEDEQH/xAAbAAACAwEBAQAAAAAAAAAAAAABAgADBQQGB//EAEUQAAICAQMCBAMEBAoKAgMAAAECABEDBBIhBTETIkFRBmFxMoGRoRQjQlIkMzRicnSCsbLBFVNkc4Oi0eHw8UPCVJKz/8QAGQEAAwEBAQAAAAAAAAAAAAAAAAECAwQG/8QAKxEAAgIBAwIFBAIDAAAAAAAAAAECERIDITFBURMyYXGBBCKRsdHwI0Oh/9oADAMBAAIRAxEAPwDIhqOEhCT1tnkaZXUIlm2HbCxYsSoQssCwhYWGLECw1H2w7IsgcRAIQI+2OqwyEosrCywJHCx1WS5GsYiqsYCMFjARNmqiKBHCw7Y6iQ5FxRFEtUSKIwElstIgEcCQCOBJbLSIBGAgAjgSbKSCBGEgEYCJsslQgSQ1JsYJIwElQsCRY1QVFYAkMkkdgKRFMciKZSYCEQER4CI7EVkRajkQEQsBCJI1SR2B58JGCS0JDtmmRyYFPhyBJfth2wyE4IpGOHZLgsOyGYsCnbIEl22HbDIMCrbGCyzbCFhkGAgWMFjBYwWGRSiKBGCxgscLJyKURAscCMBCBFkNIAjqJAI6iS2WkQCMBIBHAisdEAjhYAJaokNlpAAhqHbDULKoWowEMlRWAIYZKhYAqCo9QQsBKgMeoKjsBICIxghYCxajkQQsBCIpEsIgjsCupI9SQsKMcLDtlgWELLszxK9sgWW7YdsLFiVbYdst2ybYWJxKtsNS3bBULFQgWHbGEYCGQqFCxgsNQgRZDoULGCxgIwWLIqhAscLGAhqLIaiACMFkAjgRWOgBYwEIEcCJsqgKIyyARwslspIkkkYCKwoENQ1CIWFAqSpI0VjFMWNJGAsEYiAiFgKRFIjwGOxUJAYxEEdiBBUapKhY6EqSPUEMgozdsO2Pth2x5BQlSVH2w7YsgorqNtj7ZNseQmiupldW1jJSJw7EAGrNm6AHqePnwOxmyRMLCBk1R5BGPxGYAg04Ixr27cB+/N3M5ydUnuzTRjFtuStJWV1qk85bdxyCAaI55A/Dj/PjU0mpGQdqI7j/ADB7Edu3vKeu8afL/QC/czBT/fOBdP4aLqMSnc2NTkG4mhRPFg0LPNVwJlm4zxTtVbs1qOpC2kndKlt8noAI4WVabKHHsQaI9RzV/Q1LwJ0ZXucrg06ZAJKjARgIrChQIwEIEYCKx0KBGAhAjAQsdAAhAhCxqisdEAjSAQ1E2OgVDDUIhYUQSQyRWFAhkhhY6BJUMlQsKFIi1LICIWFFZEEs2wbY8hUVGCpZtgqGQUJthqNUlQsdCVDGqSFhRn7YajhYdsLHQlSVH2w7YWDRXUNR9slQsVFZEyOlLeXK3fyY/W+d+Qn6dxxLuuapseMFWKE5EBYVYXcN3fjsDK+jismVL3FUxLusEna2RTdcd1uq7kzJzTmo9jWMGtNy7g+Iv5Pk/sf41k6C+/EAf2HyIfuc1+REb4lH8Hyf8P8AxrK+j+XJlT0ZcOVfnuQBj+KzGTa+qT6VRUY39O162P4R07jYP1bGlXsFJKjYAqkn1I+8e162FwwDDsRYsUfvHpJlwq6lWFqRRmXpsjYMhxvZU8hqUBhz57vuAoBHf1m94v0Jx8SPqv8AqNgCMBIhuOBNMjGiBZAsYCGTYUACECGowELHQAIQIwEMVjoUCMBDUlQsKJUlRhJFYULtk2xwIahYUV1JUsqAiFhQoEkNSVCwoFQVHqSoWFCVJUaoKjsKBUFRpKgOhakqGoahYUJtkj1JCwoz6hqNUNRWXQtSVHqSo7FQtQER9shWFio898U47xKB3bKii+1kNE6IxOQFmLM+Elr2cMjkMPKBVFyKM6PiRfJhHvqsQ/JpThHh6sqbouzDtW3Km4/8+M/iJxyda+Xsjrgr0XH3Zf8AEy/wZ/qn+IStE2Z9K3+s07YyfS1UOv8AnLfic/wZ/wCkn+MQdUG3Dhy/6p8OQ/0eFI/Boar/AMjfZJkaa+xLu2jZCzm1+j8RCAdrgHY1XtNfmPSp2LGqdb3Rgri7Ri9N1TKTjzEBw9c0oDMzbEUexA4/8rXBmd1dFULk7ODsSlLeJu48Mgd7/vqeZw9eyDK2PM2VNh8TCj7EbKQr1gyPxVsVon0UWLMwestN4s6FovVWUflfwe6Eepy6XNuVSdocorMqtu2386BI7816TqE2yvdHM1WzCBGqQQ1HYEkqSoYrAkkkNQsCQyARgIrCiRgIKhisdEkqGSKwoWoNseSOwoQiSo0kLChKgjkRajsKFqSo22HbCx0JUNQ1DULChakj7ZIWOjPqGo1Q1FZdC1JUeoahbFQlSVHqSoWKjA+Ih/Jh/tmL/wC0XraFHxZVv1Q1fNEZEH3lCv8AblvxEvOlr/8ALxfjzOrq2IthehbIBkQe7IQwH31X3zllu51zs/wbwdY36nF8TEHTN7FsZB9xuE7NTpt+nfGB9rCQPrt4/OpjdSzBtFwb2Oid78vDJfJ52FD989NgHlX6D+6OLUpv1SFKLhFLs2c/SM3iYcb+pRb/AKVUfzud22ZPQKVcuL/VajIoH8wncp/M/hNkCbaUm4KzLUjUnRi9fNLhPtqsB/Br/wApxfEnRTmUZMW1cyHcCV8x7cqRyGAHH/ojq+LDWFT7ZkP4KxmwFsfWZ7TnKL7I0jKUEpR9Tw/w71BxkXE48PLvXxXIs58aqVRSTYVgSoJNeVe/lqez0epXIi5MZJRr2llZCaNXTAH0nn/ifoByq2TEWDgAsi1WSrpvfcLP1v378fROsOC3iqzalkx48eMPYzBNzF0VQQDRYki72igS0zjJ6UsZcd+xvq6cdaPiQ56o9usYTnwZlcEoyuFdkJVgwDqaZePUES8TrbOGhgIaguZOr+IMWNiiHxHUqGVCKXcQBuPp3EiU4xVt0XHTlLZKzXqECYBzazIGZPKK8oQJyCARRcUx5PINWo7WZ06Xq4BK5wcfNB3ARSbA2tyQrWR8jF4iLei0tqfsbAWGpBDKsyoFSQ1JULCgSRqimFhQHYAEkgAAkk8AAdyZnt1End4WN8m0lSR5RY9LP/uc76ldU6Y8bE4gA7uu4BvZAa79uLB5HE2MeMKoVQFUAAACgB7ARJ3wXSjyjNTqoBrLjfDZNFxa9+LYdvT5fgZpA32kyYgwIYAg+hmdplOncYz/ABTmsZ58jei+wB7V7kUOaBdBipcGjJDUhEdk0CSGpKhY6BJIRXJ4HueBOXL1TAnHiBjzxjBfkdxY4H4yXNLljUG+EdckxsnxB22YjRF27BT9KAP98kjxo9zTwJdjt2w7Y9SVLyFQtQ1GkqGQYgqCo1SVHYqMH4gHn0n9bxzS1L7MbvQO1Gaj2NKTUz+u/wAZpB/tSTu6pxp859sGQ/8AIZgnUpsvG1Fe543VuV07JwQGRGoniiXxtR7Ao9d78o9p7jCOB9J4rqieHjVDZ3bEv2bESBfveN8f4T2ehyB0DCvY0bG4d6PqPUH2ImP0svvafRI2+oVxTODTDZrMq+mXDjyD2tCUP94mzUyepDZqNJk7Au+FvnvXy/ms1xOjTdNx9f2c81aT9DD+Kce7HjX97UIvHzVxNLQPuxY2/exo34qDOTro/kv9ewD/ABTo6H/JsIPpjCn6r5f8pnF1rP2RTX+Ne51Mk8p8SfDYcnUYAVyqTkYIBbsOQw+fHb7+/Dex2zi1WrRDt5d+PKtcXdFmPCjj159gZtNRkqkLSlKMrieQ6D18kJj8RGOMZMmYKjA6gFWasYIBD7qJsCyW7VR9avUEOJMwsq+IZEUC3ZCobgfQj5c95434j6cuRhlRGTKbYDGNnmVdxtu+4UewHa7BPPb0PBn1KBnyhHDsUcbn3UK2A2AQCG+8GrG6ufTnKLx5X6OzU0YSWfHc09TqMmV9mPzEMNyL5kGNuN7XR3Ahu57L2BK3R1npox6bNkY78z+EHccbqfj6nzEe3agJ1lsml8DHtAx+KwJTbeQDExpi1WxPNnkkd5b8Q50fR5XQggOgNd1YZUsEeh+Ueo1KEr5oxTaaUeLNHp+XxMePJ6uisfqRyPxi6/QLlUjgMVIBIJU8EAOP2l5PHzPzuvog2rlx8/q9TlUWSfKx8RfycfhNOppB3BWYtYzuJgdM1bYmOHJYVT5SxFoCxC2b7Hjgdu/Y8bwnnuq6Y5dWmMPtZNOM2MUu05FdlIawfRvuIuaHSdXf6p7DoAOSWPb7JaqLCj93vyYRnyuxepBNKS56mlth2xpJdmNC1Mvr2q8PCwX7eQ+Fjrv4jggH7uT901Z5vqo8bVYk7riyLXPHibDlY/cqIP8AiGROTS26lQinLc6/h7CAjZNqgu/oKtALTuAeAwFG+AOZs1M/oKgafHX7o7V7fLiaMpPYJL7mLU4+pYA+Nu9gbgQaIrvR9DV/lO2AiOxLZ2ZvR9Y2RHDsrPjyNjcqAAT3FAE+hA7nkGaE8tpHOHWOedjDHjezYHmbGrdz2cKPT+MJmj8QPlUIUdkxm1fbS03pbdwDyJmtWk76Gj07lS6ndqtdix8O43fuL5n/AAHb75l6jrWRuMaDGORufzP8iB2H5zA12qGHG2Tw2cAbuCF3biBQvk974Ha53aTF4mPHkYkeIiPtXgDcoNX3PeYT15Pg3joRXO5XqczOf1js5PmAYk8j91fT7pWoY/ZRvezSj8+fyjdX6OufGMYbwxvDMVWywphXce/r7Svomqz5GzLlxnGmNwmMlWXeAWBbzd+ynj3mLk5bm9KJaNPkPcqPxP8A0kmgVkk3IexuVJUME78jiolSVJcNx5BRKkkkhkLEw+ti82j/AKx/cBOzrH8m1H9Xy/4DOPrQ/hGi/wB65/BRO3rf8l1H+4yf4DMMt5mmPB534px7ca8fafC47Xex1f8AJcc3MhODIcnJxZP4wVfhkd2/84oEd6vP+LcYOLDf2hmVB9GRr/widCZhkTSDINwOQ48qk8DIisoJH9ML95BmcZY6rXsXVxXydHxAt6dnWicbJlT+wwN/hc08bhgCOxAI+hmSyHEGw5OcGRGVHIP6uwbDHny19K+n2b+gZi+mxX3VfDPN8oSv+U3Uqn7r9GUofb8idc76T+vYP7nl3RmC4mDGgmfUL+GZ6/vE5fiDMq/o9keXV4nIv0Ab/qJkZ9XkrOUdUKZjlVHGzIbAYbVb7NjeCW+lDkzPKtRs0jpOUUja1/U/2UbZZUBm9S23Z2553fZHmPymX+lgZGxY1fxVdbx7VL5FYbrBU0FBJ59Np52kgX6bpj5rAXZpslFlyr+sJB429jRPNcC/MO5A6Ndocen/AEQpu3fpeNGyFryOrbi25vWzyfvlSk6yLSjHZcnOemlG03i7SG1RC4gAyIjK7bSa81bV+Q57zW13Tyf1mMW/coTSsf31/dcC6bjvVjuB1UfrNIP9p/8Ao81gJUGraMZSlszAfV720oa/Lqtm5ht3nwcikMpAIayRVC/oRK/ibRKunyugAFIGXtx4l+3Pma6P/aX9f0YZ8DIFXK+Rse83RVsbkg1/RHPp+U4utaxv0fPhdWD7SVBHKIrpRLFjvBvgiz9aYjOcvtkn2NIq2mvlHf03UA6rKKA8TFjegQQXRmxuR92z8Pvm4BMLrGAjJpsuOg7scV7iAd6lk7fzkH4zv0GvD2jgo6mird/WgfTdQuh6c/IVpyrZ/wBsynC90ZnUzs1uDJ+7jRW9tuTL4f5F1P3Tq6toGP67FYyKLZQLL0pAZRdbx6E9xwfSq+rYC+Z1X7TdPy7P6a5EKn8amxpswyY8eQdsiI4+jAH/ADii/ua9RttJNHN03XLlX0Dr9oA369/+3ofuJ7qmN1HQNjbx8FhltnRQTYu2ZVAtmPt/n37ena9cy/uuAN6exoHj5cj8R7i9VLoyZQTVrj9F2pzLjxvkc0qIzsfkoszE6djK5UOQhXx6bJqM1nhcmd7IJ9lCMv0E0OqfrHw4B2d/Eyf7vGQa+9yg+hMxdSzZ8+bEtbcmpTHkPP8AFY0B2AjsS3iH+yB+0JnOW4Rjsa/QHvFXPlIHIZeAoHZue4I9OQZpkTN048PUZEqkyKHSqA3c2vb3Dnue47VLNT1EK3h41ORz+yvYc0ST+Py4IsGaKQpRt7HbAZmrpc+TnLl2A/8Ax4rHtwX7+n5xM3TtPjAbI/7SgNkdT5uOBY/m3X19zHkGC7nC+NMmoZW+y759M9MCRvUuDwTRvHxdc+kv1mtb9DzM678mJWTIo43ZEIsjvW4Uw+TCYSaVkxabUjJkA3gZKbcDsC2fqNmWvm/zuaPVUyomUgjKupwMgZB3yLjZkbaK+0OK9lXzTnUk2/7sbuHFM8P1bO+syYBjxr4gRkCeIpILAHaxNUe/tNzFlyOMOHHk2PokxHWJyA4VV8ikA7vsMO4HM82MWXHlLIyJkxuTkKndT8jjg/OUtqsiZMrM7u2TbvokbuPWu8zaVUb015d31PoXT9eufGuQDZuZgFZgW8p7zk62dUAg0gBYud5Ph8LXfzTw/TNe2NxqAoR1DrT3togiz2PrPa/6cxpp8WfO4UZFUWqswLlSaAFn0P4QUSFL8mrUkrTIGAI5BAI+hkioLN4mcur12PEBvdUu9oNlmr2UcmcfXes48GLej4y+TcuEsQUJBpmsd6v09p4n/SGJsmdi7s4dAruA4BIO9wVB3EGqPaj8pU9Vryoxao9XqvifEnG19xFhWoMRV3tWyB8yAJwD40S+cTi+wYgGp29E+GMBAzZGd/EG9Eb1DeYM5Cgkn27e4M3V0WMLtCIFqtoRQte1VUlLVly6DEy+n/EWHLQJONvZ/sn6N2M2Va54b4w6MunUajAAqB1XJjItVYkKrp7USLHau1evV8F9b8UFHY7Vxh92Rh5GDKuzdQBB3Aj538pcZTi6l+RVua3Vj/C9CP5+Y/8AIs7Ou/yXUfPE4/KcfVXQazRhmVdgzM25gu0FOCb7A1K+udX05xvhDhnZKACsV83Y762iwD6xZeY1UHtQvxf/ABeLi/4SnHv5HkxLuy5Ma9nJ1OI/7zHYP3OhM5uv68ZFwFV2j9IDU1+Im0Ne5KAHY/tflzM8a7xMoAdylvhV0KIBjYAogewlj+cx4YjuBcO83Lpsax03VP1PWajX4NoDsGLKrjGBvyUaIO0cj05PaeXXqr4QUxWuLJmZrehkRWA8oJsBrv8Ae7HtOrS9GyZcoXK6IFxtuXALBXep2hj2XntRHB9ZZphj02uOMrWM41RHbzFGIRuWPIB5/wD2lSnun60OKjHZb/o4MmkbJsdi36zU48a5nIBDEEPtTuotQws9/biauTQon6WT58iY8ZGRgCy7wQQP3RaTq61olR9K2PyM2rxLX7F7W2mvSq7DjkzG+INbkR8qOvh5MmmQPsf9WwRjzdEi94q65U8+hmcqsTbfHB7YTE+KyRjwlftLqUYfVUdv8pNN1pFw7yUase/Ftb+MxrwzMD9ggg3dj2J7RNXrcedNI29OdVj8RQa2Bkfgg89j39ZWpqRcGrMIxalZ19Va8uiI7HOSPpsP/WawnnHbzdM3HzAMrk/vIu1vzBmV1f4hz+IExsq/ryqKGWyR5RZ7lSSDyBf38StZK2/QcoNpI9P1U/rNJ/Wh/wDzeV/E2NW0uUkDcqeU9iLYWL9vl8hOMZy40gc5C41a7/EAHmONz5aA8tgj7vpOHr/xEjpkw41LK6lTkJoEgg0o9TXPPoPvlSmnF+oKLTVDZ9RkTTh3FISmdGtnByBw4QfuEBSOe+7izZnoNRhx6lN+N9riwHXuKJBRvl3F9xyQZ5nonVwMf6PlcOgDhnUb9wJCjAB6NZI59QfldGm6g6Jh8EsXKKpXy2dikAIxBAUlTa0e1+0NOfHqv0Xi5ejNzT64/pijKVRseDJjYlwfMXxsOfaiKJon1APfr6brsePG2Mm/CyZMY28rsVzs83b7LLxc8joc6ajKx1GQod+R944KttxbGX2A2kC/3fXiafQ8+JMjrqCjAuVTLkKhWpmx0AfSkQV6V7cwjP7vkJaao3snXMYuhZAbjctmvSlvvMjqOrQZA2JfDcDI7NyqbV2szAFR5mJC813N1Z3b2LqGEWEfHwSKRk9PofkTMzr2pZcuBsbAOcWpxrusAu5xqtH5MQf7Jmk5UrJiknwcmg+IMZfPme/EKhMarTWmNbKiieS7nntysu6DnxKrZnfGp2uzDcNxyZGGTI1XZ/YT/hmcfxBpcZxUlBMGzTY343PkNKxJ9Qtj7y/tMvPoCjFmRhgGPcHB2s6hSS+3jaDbkAe9Ueazy39jVacZLbY2eoa9MjFlyqmRFLEjIKXH/q0N0z/tGuSQOQtX3p1nR4MPieKgBG56O/I7epIHJ+XA4quJ43RHdqMjK7Y8ZRiCVUuVDKLJJJ2miRfoR34nNptcrOWO5RgyIudcm2maibG0dqU9x6+3Z+NV7A9GPDZ75upvk4xHEg58z5EY96rg0PQ8buD27Xy9TTLtUtq0+2u1BjFFrIFtYoHcq8j2njkDHUPqqJxZAcPgmiyOpVSxBO0DyE3fY/OZ2XANv6OjlmIZzkO48E7KB7ghivHsp9RzXiJq2QoYs9Xg1ATTZdPkZHRmybGVlBTIGO0VfYlQR2+1xNDB1DC+B8QfcTjGTEEVmOPIPMcZocbHHyABA9J4/p+3emQkO3gJWHkO7AGmU9hW4i/5wjOmMLlzB1F5VXIvcU1+c1XFggjj1nMpVTa6UaYJ/myrVaPIxGTI5Xc7jxDw2Rgprze4APv9kzlz9ObCdzBLdUbeztRU8ALXHeu4m51NcjrhcqGxvlOS8fl2ZNmx1buP2jfbkH5xOo5GIwBWQgoMZ2imQBCQoY2GIO3mvT3qOM3Zqkt10MrUdNGQhcZtSKYPaPuvsPf07S7Lp2xp4epByYMSAriKcobIRjXm5sjkgef3FTU0mlVMeSsjE7FyneVVvsn9WfLdURyAByZlaLK+RTjfE2MbmcKz7/KAxJ5Fhdw7/XmV4qrngSUEdmXVEqC2U4kDbUIYqhAHADA+Y1/d98kGswLkVcGS6s5A6qhbcvkKnd6ea/eSTHVTQm0uqO3XaVDhxoVBXE2fwwedtjGTyeT98zNboMWM5AmNQAwoEbq8p94JJL8xyyPZdazumnx7GK2UU16rt7flOJeq5wiVkP2F7hT6fMSSTo6jiZeq1+XJjyY8jb0tPKyqRw3HpMx22siqFUEEEKqqCATwaHyH4SSTn1PMXHzGi+JQdPx9rxL+fkSUapqbIeLyMWckAlirFQTfyJHzs3JJLR0R5Rfp8KnHZFldeuNbJICADiu0rONfDzcA7cjgXzVFB6wyTHU5fwRPzHpun6dMetdEG1RphQskD9eB6/KY/VXI1eSj+1kXnng4ypHPyNSSR6nk+TKPPwDWal/9H48m9t65821rO4bUbbR+UHUjePNfP8AxD5keNhkkj6fgs5utYlR/Iqr/AAbStwB3dW3H74OlZCWwG+VzIoPsABxJJMp8v3BGvmckYGvzXrTfre9zczesadEz6bEqhULWQO5JK2S3f85JJa6/AdjbXjSaIjgjL3+mJ55LSc7b52o9X6f+XJJLn5X7BAv6FjB3MRZUEg2eDvx/9T+M9crkZNQoNKH1VAdhufDur67j+Mkknt7kPqZnU8S+Pl4rZpsRSuNpCIBVSvQIGU7hfk1Tc+h+1Y9uRfEkk0XX3KjwaPQtFjyqviIG7e690Pt9B+E5Oq6DEjYwiBfO54vuFQ3+ckkqXlCPmM/W2FI3PVDgux/aU+plmTIxAtnPGTu7f/GSy+vv+PY2IJJK83wNlGpxL52rzBnUGzYBdxx8+Bz3nLpcakupAYFlLbhuLEoeWJ5P3+8MkFwjWJoazTIrOqgqGGmsKzL9pBdUePu7ek5tHosfD7fNQF2114g+fyhklS4CXQ6E0ONQNq1WTbwzdh2Hf5zKzqEUBVVR5uyL+7u9vfmSSR0QROrNhXcLs2i92Y+v1lnT8Sh2NDvk/J/+w/CSSR/sROr5QdM/jnU8qQykHkVtY1+MzsXmw5GPLfpNX60ETj6cySTPoQv5NS/1aHi/eh7CSSSQUz//2Q==\" alt=\"\" width=\"310\" height=\"163\" /></p>','hinhanh1.png',5,'2018-11-11 17:00:00',NULL),(3,'Prof. Roosevelt Prohaska Jr.','Et deleniti et est veniam recusandae nihil molestias.','Quis aliquid iste atque doloribus laudantium et distinctio. Qui autem aut odio inventore rem sed. Fuga vel sit veritatis sequi. Nostrum minima non dolores.','hinhanh2.png',4,'2018-11-17 17:00:00',NULL),(4,'Brennan Shields','Aliquam rerum quo aut.','Quia temporibus quia corrupti eaque amet sed aspernatur. Ipsa adipisci quasi ut aut ut. Ipsam aliquid enim accusamus numquam quod.','hinhanh3.png',2,'2018-11-11 17:00:00',NULL),(5,'Della Kohler','Laboriosam eos itaque sunt.','Veritatis ut temporibus nostrum debitis iure nobis autem est. Architecto quibusdam porro veritatis sit quos cupiditate praesentium. Deleniti consequatur qui alias incidunt.','hinhanh4.png',4,'2018-11-19 17:00:00',NULL),(6,'Mr. Barton Bauch','Laborum veniam maiores a.','Provident quae qui blanditiis eveniet. Dolor omnis aspernatur quibusdam. Aspernatur explicabo commodi porro nihil.','hinhanh5.png',2,'2018-11-03 17:00:00',NULL),(7,'Keagan Shields','Magnam voluptatem sed sit amet velit dolorem.','Tempora sit qui velit quod neque. Excepturi non fuga accusamus recusandae eligendi impedit illum. Quo et non distinctio tempore laudantium sequi.','hinhanh6.png',2,'2018-11-01 17:00:00',NULL),(8,'Lonzo Robel','Est deleniti consequatur molestias rem reprehenderit.','Nostrum nam sit placeat commodi eum reiciendis at voluptates. Sit amet sit debitis et consequatur sunt harum. Et ut amet corrupti laborum inventore.','hinhanh7.png',3,'2018-11-15 17:00:00',NULL),(9,'Ewald Hickle','Corporis perspiciatis sint deleniti explicabo.','Et enim consequatur voluptatem architecto doloremque natus. Dolorum error id qui quas quas. Excepturi quisquam rerum eos ratione.','hinhanh8.png',3,'2018-11-06 17:00:00',NULL),(10,'Ernestine Blick','Beatae voluptates dolorem beatae perferendis nihil.','<p>Soluta sit aut aspernatur earum voluptatem. Iusto ea nesciunt laudantium dolorem omnis accusamus harum odio.</p>','hinhanh9.png',3,'2018-11-19 17:00:00',NULL),(11,'Cielo Effertz DVM','A dicta vel et suscipit aut consequatur perferendis ut.','Corrupti aspernatur minima voluptates a qui. Consequatur id alias eos voluptate.','hinhanh10.png',3,'2018-11-03 17:00:00',NULL),(12,'Vivienne Greenholt','Sequi soluta doloremque et dolores praesentium cumque.','In ea aut dignissimos cumque quia et neque. Et quo inventore dolor eaque. Quas et fuga culpa qui. Est maxime animi quae tenetur et sit nam.','hinhanh11.png',5,'2018-11-02 17:00:00',NULL),(13,'Dr. Domingo Emard II','Sit expedita expedita similique eum aperiam praesentium est similique.','Quia facilis sit est corrupti. Assumenda unde est soluta ut illum tenetur quae rerum. Ut qui exercitationem blanditiis aut aut aut.','hinhanh12.png',4,'2018-11-03 17:00:00',NULL),(14,'Magdalena Hansen','Animi quidem repellat doloremque numquam provident iure perferendis.','Harum autem et quidem rerum aut molestias. Est quas et non dolores. Fuga in est vel eligendi ut nobis omnis.','hinhanh13.png',2,'2018-11-02 17:00:00',NULL),(15,'Lizzie Christiansen','Voluptas quia sed rerum a laudantium molestiae.','Deleniti quia voluptatem minus doloremque veritatis et in. Sit neque suscipit eveniet quia. Corrupti consectetur id consequatur officiis et.','hinhanh14.png',2,'2018-11-11 17:00:00',NULL),(16,'Dr. Stewart Abernathy','Aperiam modi quasi quisquam quos voluptatum sit alias.','Et culpa eos cum voluptatem accusamus omnis. Molestiae aliquid rerum eius deserunt iste quaerat sequi. Eos in et et maxime.','hinhanh15.png',1,'2018-11-13 17:00:00',NULL),(17,'Dr. Dayton Hoeger Jr.','Est nulla ad voluptatum ullam vel dolorum at voluptatem.','Minima nemo quia ex ab minima ut. Optio rerum ut ab alias commodi quidem. Est adipisci placeat dolor omnis minima quibusdam voluptas sit.','hinhanh16.png',5,'2018-11-02 17:00:00',NULL),(18,'Miss Bella Considine Sr.','Expedita voluptatem voluptatem ad enim.','Aut sed fuga et magnam dicta voluptatem a laborum. Porro eligendi dicta nisi eos ea. Esse iure aut a voluptatem reprehenderit voluptatum.','hinhanh17.png',2,'2018-11-03 17:00:00',NULL),(19,'Flo Lesch','Quo eos eum omnis unde in magnam nemo.','Itaque asperiores autem illo qui et nobis. Ducimus harum temporibus officiis cum nobis quo. Qui quidem beatae et ea harum. Ipsum recusandae consectetur labore rerum.','hinhanh18.png',3,'2018-09-10 17:00:00',NULL),(20,'Parker Dach','Porro est et in illo quisquam consequatur.','Facilis similique ea sequi perferendis. Ea quia beatae autem beatae et. Necessitatibus aut dolor tenetur illo qui modi et.','hinhanh19.png',2,'2018-10-14 17:00:00',NULL),(21,'Bánh ngọt','','<section class=\"entry-content cf\">\r\n<p>B&aacute;nh ngọt l&agrave; một trong những m&oacute;n ăn được rất nhiều người y&ecirc;u th&iacute;ch. Một chiếc b&aacute;nh ngọt ngon kết hợp với ly c&agrave; ph&ecirc; n&oacute;ng sẽ mang lại sự thoải m&aacute;i, giảm streess. Thưởng thức&nbsp; một chiếc b&aacute;nh ngọt được v&iacute; như tận hưởng một th&uacute; vui bởi nu&ocirc;ng chiều vị gi&aacute;c cũng l&agrave;m thỏa m&atilde;n bản th&acirc;n sau những giờ l&agrave;m việc, học tập căng thẳng. C&oacute; thể n&oacute;i b&aacute;nh ngọt l&agrave; m&oacute;n ăn của tinh thần.</p>\r\n<h4><a href=\"https://www.vietnammm.com/vi/cheesecake-ngon\">Cheese Cake Ngon</a> &ndash; B&aacute;nh ph&ocirc; mai của người Saigon</h4>\r\n<p>B&aacute;nh ph&ocirc; mai c&oacute; nguồn gốc từ Hy Lạp l&agrave; m&oacute;n b&aacute;nh đặc biệt với c&ocirc;ng thức đơn giản: bột, mật ong v&agrave; ph&ocirc; mai, thường xuất hiện trong c&aacute;c bữa tiệc. Ng&agrave;y nay, cheesecake trở th&agrave;nh m&oacute;n b&aacute;nh tr&aacute;ng miệng được y&ecirc;u th&iacute;ch, xuất hiện hầu hết trong c&aacute;c tiệm c&agrave; ph&ecirc; &ndash; kem, hay những nh&agrave; h&agrave;ng lớn, hoặc c&aacute;c tiệm b&aacute;nh nổi tiếng.</p>\r\n<p>Tại S&agrave;i G&ograve;n, <a href=\"https://www.vietnammm.com/vi/cheesecake-ngon\">Cheesse Cake Ngon </a>l&agrave; địa điểm rất quen thuộc với thực kh&aacute;ch y&ecirc;u th&iacute;ch m&oacute;n b&aacute;nh ph&ocirc; mai. Cheesse Cake Ngon với danh s&aacute;ch rất nhiều c&aacute;c loại b&aacute;nh ph&ocirc; mai kh&aacute;c nhau , b&aacute;nh sẽ được l&agrave;m ngay trong ng&agrave;y v&agrave; giao tận nơi theo y&ecirc;u cầu. B&aacute;nh Ph&ocirc; mai hương vị cổ điển l&agrave; m&oacute;n được y&ecirc;u th&iacute;ch nhất bạn c&oacute; thể lựa chọn vị s&ocirc; c&ocirc; la&nbsp; hoặc tr&agrave; xanh. Hoặc nếu muốn bạn c&oacute; thể chọn &nbsp;b&aacute;nh ph&ocirc; mai với 06 vị kh&aacute;c nhau đảm bảo h&agrave;i l&ograve;ng tất cả mọi người.</p>\r\n<div id=\"attachment_47072\" class=\"wp-caption aligncenter\" style=\"width: 535px;\"><a href=\"https://www.vietnammm.com/blog/wp-content/uploads/2017/09/banh-ngot-sai-gon-4.png\"><img class=\"size-full wp-image-47072\" src=\"https://www.vietnammm.com/blog/wp-content/uploads/2017/09/banh-ngot-sai-gon-4.png\" sizes=\"(max-width: 525px) 100vw, 525px\" srcset=\"https://www.vietnammm.com/blog/wp-content/uploads/2017/09/banh-ngot-sai-gon-4.png 525w, https://www.vietnammm.com/blog/wp-content/uploads/2017/09/banh-ngot-sai-gon-4-200x300.png 200w\" alt=\"Cheese Cake Ngon &ndash; B&aacute;nh ph&ocirc; mai của người S&agrave;i G&ograve;n\" width=\"525\" height=\"788\" /></a>\r\n<p class=\"wp-caption-text\">Red Velvet ki&ecirc;u kỳ ai cũng n&ecirc;n thử (Nguồn: pinterest.com)</p>\r\n</div>\r\n<p>Ngo&agrave;i <a href=\"https://www.vietnammm.com/vi/cheesecake-ngon\">Cheese Cake</a> cổ điển, Red Velvet&nbsp; l&agrave; một m&oacute;n b&aacute;nh rất được ưa chuộng tại S&agrave;i G&ograve;n, b&aacute;nh c&oacute; nguồn gốc ở khu vực Bắc Mỹ. Đ&uacute;ng như t&ecirc;n gọi của n&oacute;, loại b&aacute;nh n&agrave;y c&oacute; m&agrave;u đỏ tựa như nhung kh&ocirc;ng thể lẫn v&agrave;o đ&acirc;u được. Sắc độ của n&oacute; c&oacute; thể thay đổi chạy d&agrave;i từ đỏ tươi, đỏ s&aacute;ng đến đỏ sậm. Red Velvet&nbsp; đ&atilde; chinh phục tất cả tr&aacute;i tim của t&iacute;n đồ y&ecirc;u th&iacute;ch m&oacute;n ngọt tr&ecirc;n to&agrave;n thế giới v&agrave; &nbsp;t&iacute;n đồ m&oacute;n ngọt tại S&agrave;i G&ograve;n kh&ocirc;ng chỉ bởi hương vị m&agrave; c&ograve;n do ngoại h&igrave;nh. Red Velvet&nbsp; xứng đ&aacute;ng l&agrave; chiếc b&aacute;nh ngọt ki&ecirc;u k&igrave; nhất m&agrave; ai cũng n&ecirc;n thử</p>\r\n<p>V&ocirc; c&ugrave;ng tiện lợi, chỉ cần <a href=\"https://www.vietnammm.com/vi\">đặt m&oacute;n trực tuyến </a>v&agrave; những chiếc b&aacute;nh thơm ngọt tuyệt vời sẽ được <a href=\"https://www.vietnammm.com/vi\">giao tận nơi</a>.</p>\r\n<h4><a href=\"https://www.vietnammm.com/vi/harvest-baking\">Harvest Baking</a>: Thực phẩm L&agrave;nh mạnh cho Cuộc sống Khỏe</h4>\r\n<p><a href=\"https://www.vietnammm.com/vi/harvest-baking\">Harvest Baking</a> l&agrave; một tiệm b&aacute;nh đặc biệt chuy&ecirc;n cung cấp những chiếc b&aacute;nh tươi, mới ra l&ograve;, cao cấp với hương vị v&agrave; chất lượng kh&aacute; tốt tại S&agrave;i G&ograve;n. Chuy&ecirc;n cung cấp thực phẩm c&oacute; lợi cho sức khỏe: kh&aacute;ch h&agrave;ng ăn chay v&agrave; kh&ocirc;ng dung nạp gluten,b&ecirc;n cạnh đ&oacute; sản phẩm y&ecirc;u th&iacute;ch truyền thống như b&aacute;nh s&ocirc; c&ocirc; la đen, b&aacute;nh quy, b&aacute;nh nướng pie, b&aacute;nh tạc, b&aacute;nh ngọt. B&iacute; quyết để l&agrave;m ra chiếc b&aacute;nh mỳ tuyệt hảo l&agrave; những người thợ đam m&ecirc; với nghề. Sự chăm ch&uacute;t v&agrave; quan t&acirc;m d&agrave;nh cho những ổ b&aacute;nh mỳ ho&agrave;n hảo đ&atilde; mang đến sự nổi tiếng cho <a href=\"https://www.vietnammm.com/vi/harvest-baking\">Harvest Baking</a>. Hơn cả một tiệm b&aacute;nh &ndash; Harvest Baking <a href=\"https://www.vietnammm.com/vi\">phục vụ tận nơi</a> những sản phẩm b&aacute;nh c&oacute; thể d&ugrave;ng hằng ng&agrave;y như một thực phẩm sạch cho những người th&acirc;n y&ecirc;u nhất. Nếu bạn qu&aacute; bận, bạn thể chủ động <a href=\"https://www.vietnammm.com/vi\">đặt b&aacute;nh trực tuyến</a> cho cả tuần, v&agrave; chỉ cần tận hưởng những chiếc b&aacute;nh thơm ngon mỗi buổi s&aacute;ng.</p>\r\n<div id=\"attachment_47074\" class=\"wp-caption aligncenter\" style=\"width: 574px;\"><a href=\"https://www.vietnammm.com/blog/wp-content/uploads/2017/09/banh-ngot-sai-gon-1.png\"><img class=\"size-full wp-image-47074\" src=\"https://www.vietnammm.com/blog/wp-content/uploads/2017/09/banh-ngot-sai-gon-1.png\" sizes=\"(max-width: 564px) 100vw, 564px\" srcset=\"https://www.vietnammm.com/blog/wp-content/uploads/2017/09/banh-ngot-sai-gon-1.png 564w, https://www.vietnammm.com/blog/wp-content/uploads/2017/09/banh-ngot-sai-gon-1-205x300.png 205w\" alt=\"Harvest Baking : Thực phẩm L&agrave;nh mạnh cho Cuộc sống Khỏe\" width=\"564\" height=\"824\" /></a>\r\n<p class=\"wp-caption-text\">Nguồn: pinterest.com</p>\r\n</div>\r\n<p>Đặt b&aacute;nh chưa bao giờ tiện lợi hơn khi to&agrave;n bộ thực đơn với chi tiết về m&ocirc; tả từng m&oacute;n b&aacute;nh. Bạn chỉ việc lựa chọn niềm vui, y&ecirc;u th&iacute;ch của khẩu vị. <a href=\"https://www.vietnammm.com/vi/harvest-baking\">Harvest Baking</a> cung cấp b&aacute;nh tươi giao đến tận nh&agrave; bạn.</p>\r\n<h4><a href=\"https://www.vietnammm.com/vi/baskin-robbins-quan-2\">Baskin Robbin</a> &ndash; l&agrave;m mới khẩu vị với chiếc b&aacute;nh kem lạnh tuyệt hảo.</h4>\r\n<p><a href=\"https://www.vietnammm.com/vi/baskin-robbins-quan-2\">Baskin Robbins</a> l&agrave; chuỗi cửa h&agrave;ng kem Mỹ lớn nhất thế giới, th&agrave;nh c&ocirc;ng với 52 quốc gia, hơn 7.600 cửa h&agrave;ng tr&ecirc;n thế giới, 1.300 hương vị kem v&agrave; nhiều m&oacute;n tr&aacute;ng miệng ngon tuyệt. <a href=\"https://www.vietnammm.com/vi/baskin-robbins-quan-2\">Baskin Robbin</a> kh&ocirc;ng chỉ nổi tiếng với 31 M&ugrave;i Kem Đặc Trưng m&agrave; c&ograve;n mang lại cảm gi&aacute;c v&ocirc; c&ugrave;ng mới lạ với sự kết hợp s&aacute;ng tạo độc đ&aacute;o giữa b&aacute;nh ngọt v&agrave; kem lạnh mang lại trải nghiệm tuyệt vời kh&ocirc;ng thể kh&ocirc;ng tự m&igrave;nh kiểm chứng.</p>\r\n<p><a href=\"https://www.vietnammm.com/vi/baskin-robbins-quan-2\">Baskin Robbin</a> hiện đ&atilde; cung cấp dịch vụ giao m&oacute;n tận nơi v&agrave; <a href=\"https://www.vietnammm.com/vi\">đặt m&oacute;n trực tuyến</a> với nhiều loại b&aacute;nh kem lạnh cũng như nước uống rất hấp dẫn.</p>\r\n<h4><a href=\"https://www.vietnammm.com/vi/une-journee-a-paris\">Journ&eacute;e &agrave; Paris</a> &ndash; Tiệm b&aacute;nh Ph&aacute;p của người S&agrave;i G&ograve;n</h4>\r\n<p><a href=\"https://www.vietnammm.com/vi/une-journee-a-paris\">Journ&eacute;e &agrave; Paris </a>l&agrave; một tiệm b&aacute;nh Ph&aacute;p, chế biến những chiếc b&aacute;nh sandwich, pastry với những nguy&ecirc;n liệu được nhập tươi mới từ EU.</p>\r\n<div id=\"attachment_47076\" class=\"wp-caption aligncenter\" style=\"width: 573px;\"><a href=\"https://www.vietnammm.com/blog/wp-content/uploads/2017/09/banh-ngot-sai-gon-3.png\"><img class=\"size-full wp-image-47076\" src=\"https://www.vietnammm.com/blog/wp-content/uploads/2017/09/banh-ngot-sai-gon-3.png\" sizes=\"(max-width: 563px) 100vw, 563px\" srcset=\"https://www.vietnammm.com/blog/wp-content/uploads/2017/09/banh-ngot-sai-gon-3.png 563w, https://www.vietnammm.com/blog/wp-content/uploads/2017/09/banh-ngot-sai-gon-3-245x300.png 245w\" alt=\"Journ&eacute;e &agrave; Paris &ndash; Tiệm b&aacute;nh Ph&aacute;p của người Saigon\" width=\"563\" height=\"688\" /></a>\r\n<p class=\"wp-caption-text\">Nguồn: pinterest.com</p>\r\n</div>\r\n<p>Đ&uacute;ng như t&ecirc;n gọi của n&oacute; &ldquo;Một ng&agrave;y ở Paris&rdquo; <a href=\"https://www.vietnammm.com/vi/une-journee-a-paris\">Journ&eacute;e &agrave; Paris </a>sẽ mang hương vị Paris thuần khiết nhất trong từng chiếc b&aacute;nh ngọt v&agrave; c&ograve;n g&igrave; ho&agrave;n hảo hơn khi kết hợp c&ugrave;ng với ly capuchino n&oacute;ng. Une Journ&eacute;e &agrave; Paris lu&ocirc;n được c&aacute;c kh&aacute;ch h&agrave;ng đ&aacute;nh gi&aacute; cao nhờ l&agrave;m ra những chiếc b&aacute;nh Ph&aacute;p thơm ngon v&agrave; nhiều dinh dưỡng, b&aacute;nh được <a href=\"https://www.vietnammm.com/vi\">giao tận nơi </a>nhưng vẫn đảm bảo độ tươi ngon do l&agrave;m ngay trong ng&agrave;y v&agrave; chưa bao giờ l&agrave;m bạn thất vọng.</p>\r\n</section>','1544354211274hinhanh4.png',9,'2018-12-08 17:00:00',NULL),(22,'212','212','<p>hello&nbsp;</p>\r\n<p><img style=\"display: block; margin-left: auto; margin-right: auto;\" title=\"logo.jpg\" src=\"data:image/jpeg;base64,/9j/4AAQSkZJRgABAQAAAQABAAD/7QCEUGhvdG9zaG9wIDMuMAA4QklNBAQAAAAAAGgcAigAYkZCTUQwYTAwMGE3MDAxMDAwMDk5MDMwMDAwMDIwNjAwMDAzZTA3MDAwMDc4MDgwMDAwNTEwYjAwMDA1ZDBlMDAwMDE0MGYwMDAwMzIxMDAwMDA0MjExMDAwMDgzMTUwMDAwAP/bAEMABgQFBgUEBgYFBgcHBggKEAoKCQkKFA4PDBAXFBgYFxQWFhodJR8aGyMcFhYgLCAjJicpKikZHy0wLSgwJSgpKP/bAEMBBwcHCggKEwoKEygaFhooKCgoKCgoKCgoKCgoKCgoKCgoKCgoKCgoKCgoKCgoKCgoKCgoKCgoKCgoKCgoKCgoKP/CABEIAM4AzgMBIgACEQEDEQH/xAAbAAEAAwEBAQEAAAAAAAAAAAAABQYHBAMCAf/EABoBAQACAwEAAAAAAAAAAAAAAAABAwIEBQb/2gAMAwEAAhADEAAAAdUAAAAAAAAAAAAAAAAAAAAAAAAAAAAAAAAAAAAAAAARdexvuqp2ycBUS3KVKYW2FB9NeEmfF9P2g2tfOKpx7utd0JN4yc9QmLupF0T9jGQIjJNwxinsNjx7SCSyTQqAniv1O0PTvhZSNk+bVZ6/LVLp6HnJ8Fw09nMa/Y4D13Cu96o940rYzHdjyC/Dy3DE9sifYatoDLNTpOG7SrhVJSrqyFZ7+RMvauTto0ISUjvbkbHtxumUnO/P13+NlVfskD1tS63qkXfTtjcc2PIr8PDcMV2qJ9hq2gIKd84zxj46ubW9P59PjImkcNir+Pn4T0/OvidPhnIf7zxurx9vR8TKq/ZIHo691vVHvGnbGY7seRXYeG4YrtUT7DWtAAy2v36j6/o/G11rQpwtVcsdeq48LJx0nyOl6RF2qOzr9Vno9ourzqv2WB9Jybpesh9aM9Gx2eiLMefcMX2ivL2GtaABB5TuHFXv43sXl615SNc7uWimClPpz9yzRfH+9DSg+jr++bv12o6z5+g5GY+Gte19WTeG0LMci2j59KcwryA5uWTVZw3jPqrID6nUTB/s2mIX6mEob9mCIf4myYL8nmMwHxYkK57TqUP096ysL6wAAAAAAAAAAAAAAAAAAAAAAAAAAAAAAAAAAAAAAP/EAC0QAAAFAgQFBAIDAQAAAAAAAAABAgMFBBIRExQzBhAVIDQhIjVBMTIjJHBD/9oACAEBAAEFAv8AOJCr0bXXkimmUvv8n5pLT3XkhmSzGeoEKeqznAtRJTryHUCFXMFTPdfSI2vKu5VLuSx19I6+kIO5PZLN5seGDwdZXmNVjmTS1O+FN5VMI7yBXPYuH+aFm9yd+THDHKT+PH0ztdiixJ1JNus23wbmZH8QOEihqbc+mQl2okv39BH+RUu5TZHisiuWy2TTc5b1L2jhnDlJeB7R7Qztds23lyLO5w0568SuYvVO/AN318nuCO8isdzXU/tHs8p35McMcpP48fTO128RoIMmV8M6SJCUeJyuqDLP4dQWRJbmJBtVoxIU6Mx1JWkJwy6lckcNGR8pLwLki5IZ2u2bbzI9ncbUaFqPEVO/FN5VBJ7gT+BGqTjynfkxwxyk/jx9M7Xa4m9tHteuFwMsytIsCktzEU6c1R+htqtW0snECcVhJXjho8eUl4F4vDO13SDeXKD6i275cSe4I7yJBnBSf2oXrHRO/JjhjlJ/Hj6Z2u6cTbUZhjMMQqMViSP+S4R5/wBhaSUlZG29d60b2a3NrMpLNMMVbzDXVa0FI1TozTGaYZ2u6YbvpOUe3l0wk9wR3kCtZvI/zTu5Tk/Tqzx/wDP7ilp11TqStT3KIlFpacKbokjVMpI61AXVpUNSgFVWnrVjWLGoIalAKsThdSGC0QS1RqBU1ONJThCEoLtU4YUupMG3VKGjWY0KhoTGgGgIaBI0KRoEg6FJjQkNAQ0A0A0KgdE4NK6kEVUkE/UEEVJH/nP/xAArEQACAgEDAgQFBQAAAAAAAAABAgADBBESMRRRBRATISAzQVBxIiMyQmH/2gAIAQMBAT8B+0V41tg3IJZU9R0cSup7TogjYly8iNj2KNSPLpre0LATmEgQEHz8Lf2ZJ4muujTw1dBu7zJs/cRZkfLMxatf1mZV2xNo5MbmJxLJX5+Hvtu/My131sNJjLsRRp9JZZuy/wAS0FkIntWmkssNjbjG5icSyV+dbbGDTXUn2jNodZjtuu3R20Gply+ohEI0jcxOJZK/gxLC6A/5M2wrWZi/NEv19MzFu3LsmXUf5xuYGAEY6yv4MTM9BdpGsyshskAKsorsRt22WF3UrtiUWodRGZiNCkbEs14hoccz04q6eYYD6QZDDidVZ3nU2951NnedRZ3nU2d51VvedVZDkMeQIXU/1+0//8QAKxEAAQMCBQIGAgMAAAAAAAAAAQACAwQREhQhMTIQQRMgIzNRUkJQBSRh/9oACAECAQE/Af1BcAgbomydKxguSm1UTjYFbLOQ/ZCNxFwERbQprC7ZOYW79ZAo1IqoeiVS+61V09vTCooPEfiOwUfEKbmVT7FVPbq8aJuhTtVVj+uVCQx4crmWS/cqGIRMwhR8QpeZVPsVUdup613sFRtxOsFA/wAKQOQNxcKPiFLzKp9iqjt5HDVMGqrvZKpreK1VtPgfjHdUE49oqO+EJ8TnOuomlmiqO3kc26D2M3cqmWKRmDEomxxvDsSkqYZG4SmsY12IPUX8jFaxKbWxnZZj/FJJj6uYXfkjSMPLVZKH4WTh+FlIfqspD9VlIfqslD8LJRIUjW8SU2N7fy/U/wD/xAA0EAABAgIGCAUEAgMAAAAAAAABAAIDERASITEycQQgIjNBgZGSE1FhcrE0QlKhYnAUosH/2gAIAQEABj8C/rgRKlcTlevp3dyZD8EtrGU61L4fgk1TKdZfTu7k2J4RE58Vuz1VWrLnRMrdnqt2eqMN0AkyBxL6d3cokoZZV9aIkSU6onJfTu7l9O7uQPnqxhxArUAi8T+Ex4+4TUWJ+LSU+jRmfwo5UNhi4G2iscLVEyHxRpHKjSPYaWZDVINxT2EHZMr1cbjx9EwfjsqqfvMk+w9VDhyO06V6ZlRyU+PBCc71IC0lBoUSYNw4+iuPVaRL0o0j2FXHqrj1TMtZ/k7aXI/CjQsnKHD/ABbNPVbgxs0zKjkrMIuQzRinlREyHxRpHKjSPYaWZDWgxas/tWAXHj6KHsyrbN6jGrORq3+SfsDqokSrKsZJlnBXJ0hwVya0BSF1ESbAbBx9Fux1K0iTZXUaR7Ct2OpW7HUpmWtE827S5H4TXNvaZokp6gt4ymmZUOyoc37jTEyHxRpHKjSPYaWZDWc03ESRaWNmJj9LA1YGrw6rdpwCsTMlcE5shhVoCaRKc0HCiJstNg+FgYtIsAuuo0j2FYGLAxMy14o4Gbv1STwZtUMyo5LxBcb0M1VOF1ETIfFGkcqNI9hpZkNeDEAFrXC70VzO0K5naFpEQgX1RZQy65XDouFyINxVUgX+S4dFbiF6iCTLhe30WGH2BOMEhhLhc0Lff6hOZEiVmlpmKo8lhh9gWGH2BMy1yfw2v1S3+W1QzKjlQHjE2gO4cV/kt2oTwLfKg+7/AJQfa74oEOEJ+Z8kB5a5DhMFbmF2hWsgdApA9ArGvVsEHMrcw1sw4YyCtDVc1WwYfRbmGpeHZ6FW6O3sC3cMZsVjIHQKyDD7QtxC7QpMaGj0Gtsw3FbMNozKtfLJWuHMrEFvFjWNYysRWIrEVjKxrGsSxhXtKs/TlZWPQrbgzyW017cx/XP/xAAoEAABAgMGBwEBAAAAAAAAAAABABEQITFBUWFxsfAggZGhwdHx4XD/2gAIAQEAAT8h/nD7GR9mMvkPStjqAlGe77ATXyHpBYKbBhgALE5XeAiOwEYAAUpDBaHXxHpWYDVzu/qADrJ5zOy+IRb8D0pLswFuFsQ7BynA1JBDqQ6aD1hYbJmytVX8CDvVDzmZ+YamD2ZA5lUzUq/IY1bfOGzXQNWS3q7hBTQxT+WXlHJEz9QwQQzzmY3fVNUW2AtIT8IsQ6MkFUs2MmAbcuayHqm0A1oJ8oLyhEOEuJfFNxxYCasgqm8o5sGxQ++8KwCMZe+DZ1PEn33hEtO90XZdOJ8gSQHnRUtkymi4Oh8JmjIh5n4u68BNhia5jIeV3HWGpTs6x9l25TAbSPfgq2+cNiugaslvV3EMCBMTLnMeUz9QXkFQAPMut/U1sDAuwLHheuQwYSOZoPqMBx02qwPUpkbRlqcFgepV5i5LmQQQgYKCAYiFV0AUoGGSb4SPBxQ5QCLBRdl04pLsR5fjrYYkVJhAzCIVYXJXdeAncEz+Zmu66w22IgMcGmA3jhq3+cNiugalvV3EOcii5o2Au0jYWKb+J9oix0T7TeBzRTa2KEASASCNpAM1c4JsQEk2aJwBESIRQkABU2TZdAAF8SD5Jn5H2hyP3UCYzA2ByTPyPtEGOkfa7Lpxt4KJzP8AYGpO4JB7ABrDuusNSpV2GdduTkeZ0PBVt84bNdA1LeruM5AgySJoRECiwVRgZcSABQOdYMSKlQ9qd+JPUVaBAbcDKbNAWJok6VdxV3Z+yGg1yEwADOwGsDHBY3ZghkxSMGbCABYKDsunGz4m/kcDrA0KBepnOHddYamDRZgfEKpmiDMAXhMwS4gtC9Oh2uqG4X4EoEcgLym3sAcYSgDEG1ENRKoGU2FECQBlalyZEgTAukbDfyU8MYiYoORReafdNNlGLXdyQ9PSwE+d9nIjDESrBHhVLKquThJYeUa4TJAy6GNVQ9zV2HEyNfMwoXHkE7XsTbexYzovkIAEhcl8ZFHPSUlnBiEbMuib8InYPRM06hXkA/iFy8haiEVlC9CTHeQgQQ4p/OP/2gAMAwEAAgADAAAAEPPPPPPPPPPPPPPPPPPPPPPPPPPPPPPPPPPPPPPPPMvfcNPvv9d9PPHwru/tf0F/ffPKYYU8gP2V2ffPKoykYYPWX+//ADzxwXt6Pr1/3fzzw+LDnPgOeC7yz4741w9y4+x9zzzzzzzzzzzzzzzzzzzzzzzzzzzzzzzzzzzzzzzz/8QAJxEBAAIBAgQGAwEAAAAAAAAAAQARMSFBUWFx0RAgkaHB8FCB4bH/2gAIAQMBAT8Q/EajJ1O8MVFjiwkpNG+Z3iDSHSBehPtqIUsEFkyjMI+PRlPw/EpU4o9b7S+ru9qnqV9qPmLb2l9LQx1/k+gBMkwzIm7xpjgT5+Il0wO2yvGNfsuG6PGJi4PQ7wkmeneBo1Acu8YQyTDMibvFxdkYcEIcOcokaA8OUW1lt9bl+GhEpYipzMkwzIm7yBQvQZ4KRMSrEzxSX0Of+R6s2iKsh7fyGomc95khghsSbvILahEQFXzgO5roTR4vmQaXvF9weZLhFMKT9Mtx8h229b7zBw6E+oJ9tRXM8/AcSfSTjvtMrOpNpHRf7+J//8QAKBEBAAIABAUDBQEAAAAAAAAAAQARITFBcRBhkbHwUYHRIFCh4fHB/9oACAECAQE/EPtCFLAxEDNHFYIfvryfiKC2eYfiHsIx3qTItzItccYY6wjvCYnt3INbWVR8XPb9zxYdIulPBtwn+nG6XQxWXnKPY7kcjljG2NpzhL3N4nK0nk2jrAjvq4ixJWECyAA27kpGxYfoH8hlkMTlaTybR1B31fQRSAxXG5dyHBOvpADCF+f3EWm3xFktIqNS2WMbmPX6M/dRNq6kdgF1ouvKJW9PoxYuDyhAYnJgiSz27zNQ+5A3cOzCg46sNq+LmYncsP6Gee4FkPzOUi2fdPGsdMerMkWzMkacwfj7T//EACkQAQACAAMHBQEBAQEAAAAAAAEAESExURBBYZGhsfAgcYHB0fHhcED/2gAIAQEAAT8Q/wCcUZ2AncUcR0rYkGrMRBhW0rhDEjgRKYAQK7wrYkRRsYKjC7rW+U/jfyX417g5Vw47BVDxe0SUcJrL+T+F/IhKQBVVMt17JmrI6/iArYRKnCyi6vdPJvqATklyU7Rjq6suvT1cBX9BntH9pK4iHaMYJquA/cNBp+QFdal8VdNurBaFd2MQZRx4luq2ebxIzcSK77FHxOpd5nYccctyfGfKeb0bMvu2fidWzrXaeO0ek+bQWolMthdYd4dkwtdo5sWA2WOKzoI5C4bZseNOjnA3s1yOiL2RrA0LjyXBdFCC1URf+F+R5Yd63vOEb9LznhWcoaKgWrmymAJQ3lfaHbgb3m8YTfEwDJupn8HCZn69HZNmRVxINOafwccJLuxXBy+t6UsmFR7vJXUuewfU7mDBiuBnFo6dU6fDFg8GWvJtYVJfOouILtJ1+XaeA1JraCffH6c9nm9GzL7tn43Vs612njtHqxGKoKs3DwhdReLXKdGAmTDBayEvR4obBodRhyWa48FxjmEUEseLquUoIe+U6J4R9xQxG0yFDvnhH3GIgplgxXOBOLQbjYehY4bwbhqeafcyRTfFPm7GIAr0peLSeafc4eXwuY6SjL+HqtwvmBj1RlT7JgPRBO0ZC3VqtrHi7qwWiA+637+mgAmlJG4zPjPb5vRsye7Z+N1bOke08do9RXgSckFfcYmDdBC9EKSI4WWDE/ENlUPJcBKkAbgygidNH7Sv+L+y9qh01REvHKIikoGxN2ceqgIOvvHqqwU4owTY5lGOi4NBsXZCVykvjtdhIAH3Diz2LuFl5cY1oN2ez1OUwqB9mx6wZHtOkZi6KPfvHR6IPN4kqsUgG7cfnvPAakwPK5eVuD85ctnm9EqZfds/E6pUPJe08do9bJYNF4gTRYUHmfE4S3wqWGRzUGxDHEctjGE0nqTwL6i1IaCOZpD3WAS5g7GHKWU5QmrOd7TAgaNxenyhqAxsnN6XPGPqL3+xYmD7thIt+D2glNaieMfU4WnwqO1wxyzg9b3I1mnYnRBKMTnGZxkwVKzs1I9qNtF8SebxNmJdQDO3E+M+cW9M3eJdeQbzP9iS4A7CUcAlU62SmpzjM89+NmpzjM496NmpzjzTADik3B1hMFBV30V62oUHEDmI5kHs7VD6l8a0XPIJXG9hAGQYQpz0dzCwZQpToyxgTiX2gsGurtdKmubIbO8M7gzRbvGksaKJvl9sO8EgAKVVaUhBqyYriuUu8zYBeu5KK3dxf2h8FsS8glJlpDw7tMT33UPIPSqK3hoR9T64PNfUQTcZJ9IZh2zGehcbtnWCfLx+k/JKC56+dZ4n9hvPB7yha4gt+YWXj+z9iWzc8H7OSALXWfYH+47jq/sB9pPNDpNHPDOE7NvLumdg0Yd7jtaOUfsgNv1+qG1tYj6KNJX/AIqJRKgVl/x7/9k=\" alt=\"\" width=\"242\" height=\"242\" /></p>','1676827073576anh-bao-ve-moi-truong-721x600.jpg',9,'2023-02-19 17:00:00',NULL);
/*!40000 ALTER TABLE `baiviet` ENABLE KEYS */;
UNLOCK TABLES;

--
-- Table structure for table `binhluanbaiviet`
--

DROP TABLE IF EXISTS `binhluanbaiviet`;
/*!40101 SET @saved_cs_client     = @@character_set_client */;
/*!50503 SET character_set_client = utf8mb4 */;
CREATE TABLE `binhluanbaiviet` (
  `id` int unsigned NOT NULL AUTO_INCREMENT,
  `noidung` text CHARACTER SET utf8mb4 COLLATE utf8mb4_unicode_ci NOT NULL,
  `id_baiviet` int unsigned NOT NULL,
  `id_taikhoan` int unsigned NOT NULL,
  `ngaydang` timestamp NULL DEFAULT NULL,
  `ngaysua` timestamp NULL DEFAULT NULL,
  PRIMARY KEY (`id`),
  KEY `binhluanbaiviet_id_baiviet_foreign` (`id_baiviet`),
  KEY `binhluanbaiviet_id_taikhoan_foreign` (`id_taikhoan`),
  CONSTRAINT `binhluanbaiviet_id_baiviet_foreign` FOREIGN KEY (`id_baiviet`) REFERENCES `baiviet` (`id`),
  CONSTRAINT `binhluanbaiviet_id_taikhoan_foreign` FOREIGN KEY (`id_taikhoan`) REFERENCES `taikhoan` (`id`)
) ENGINE=InnoDB AUTO_INCREMENT=14 DEFAULT CHARSET=utf8mb4 COLLATE=utf8mb4_unicode_ci;
/*!40101 SET character_set_client = @saved_cs_client */;

--
-- Dumping data for table `binhluanbaiviet`
--

LOCK TABLES `binhluanbaiviet` WRITE;
/*!40000 ALTER TABLE `binhluanbaiviet` DISABLE KEYS */;
INSERT INTO `binhluanbaiviet` VALUES (1,'Bình luận 1',1,2,'2018-11-03 17:00:00',NULL),(2,'test bình luận',1,8,'2018-11-30 17:00:00',NULL),(3,'Thêm bình luận test',1,8,'2018-11-30 17:00:00',NULL),(4,'Test lần 3',1,8,'2018-11-30 17:00:00',NULL),(5,'Test cmt 4',1,8,'2018-11-30 17:00:00',NULL),(6,'thùy',1,8,'2018-11-30 17:00:00',NULL),(7,'Huỳnh văn thùy',1,8,'2018-11-30 17:00:00',NULL),(9,'Bình luận 1',16,8,'2018-11-30 17:00:00',NULL),(10,'Nem chua rán ở đây ăn ngon ghê, nem nóng hổi, giòn ăn với sốt chua chua cực kì hợp luôn, ăn cả chục viên mà vẫn ko ngán. Còn về bánh giò thì lần đầu mình ăn bánh giò thập cẩm giống vậy luôn, thịt, nem,.ăn kèm ngon mà nhiều nữa, có điều ăn cái này xong hơi ngán bánh giò 1 tẹo.',2,8,'2018-12-02 17:00:00',NULL),(11,'a',19,8,'2018-12-08 17:00:00',NULL),(12,'Danh sách bình luậ',21,9,'2018-12-08 17:00:00',NULL),(13,'gdgd',20,9,'2023-02-03 17:00:00',NULL);
/*!40000 ALTER TABLE `binhluanbaiviet` ENABLE KEYS */;
UNLOCK TABLES;

--
-- Table structure for table `chitiethoadon`
--

DROP TABLE IF EXISTS `chitiethoadon`;
/*!40101 SET @saved_cs_client     = @@character_set_client */;
/*!50503 SET character_set_client = utf8mb4 */;
CREATE TABLE `chitiethoadon` (
  `id` int unsigned NOT NULL AUTO_INCREMENT,
  `soluong` int NOT NULL,
  `id_hoadon` int unsigned NOT NULL,
  `id_sanpham` int unsigned NOT NULL,
  PRIMARY KEY (`id`),
  KEY `chitiethoadon_id_hoadon_foreign` (`id_hoadon`),
  KEY `chitiethoadon_id_sanpham_foreign` (`id_sanpham`),
  CONSTRAINT `chitiethoadon_id_hoadon_foreign` FOREIGN KEY (`id_hoadon`) REFERENCES `hoadon` (`id`),
  CONSTRAINT `chitiethoadon_id_sanpham_foreign` FOREIGN KEY (`id_sanpham`) REFERENCES `sanpham` (`id`)
) ENGINE=InnoDB AUTO_INCREMENT=30 DEFAULT CHARSET=utf8mb4 COLLATE=utf8mb4_unicode_ci;
/*!40101 SET character_set_client = @saved_cs_client */;

--
-- Dumping data for table `chitiethoadon`
--

LOCK TABLES `chitiethoadon` WRITE;
/*!40000 ALTER TABLE `chitiethoadon` DISABLE KEYS */;
INSERT INTO `chitiethoadon` VALUES (23,10,12,2),(24,5,13,6),(25,1,16,8),(26,2,17,2),(27,1,17,8),(28,5,14,4),(29,6,14,6);
/*!40000 ALTER TABLE `chitiethoadon` ENABLE KEYS */;
UNLOCK TABLES;

--
-- Table structure for table `chitietsanpham`
--

DROP TABLE IF EXISTS `chitietsanpham`;
/*!40101 SET @saved_cs_client     = @@character_set_client */;
/*!50503 SET character_set_client = utf8mb4 */;
CREATE TABLE `chitietsanpham` (
  `id` int unsigned NOT NULL AUTO_INCREMENT,
  `anhchitiet` text CHARACTER SET utf8mb4 COLLATE utf8mb4_unicode_ci NOT NULL,
  `id_sanpham` int unsigned NOT NULL,
  PRIMARY KEY (`id`),
  KEY `chitietsanpham_id_sanpham_foreign` (`id_sanpham`),
  CONSTRAINT `chitietsanpham_id_sanpham_foreign` FOREIGN KEY (`id_sanpham`) REFERENCES `sanpham` (`id`)
) ENGINE=InnoDB AUTO_INCREMENT=45 DEFAULT CHARSET=utf8mb4 COLLATE=utf8mb4_unicode_ci;
/*!40101 SET character_set_client = @saved_cs_client */;

--
-- Dumping data for table `chitietsanpham`
--

LOCK TABLES `chitietsanpham` WRITE;
/*!40000 ALTER TABLE `chitietsanpham` DISABLE KEYS */;
INSERT INTO `chitietsanpham` VALUES (9,'Ct1BanhMan1.jpg',1),(10,'Ct2BanhMan1.jpg',1),(13,'Ct3BanhMan1.jpg',1),(14,'Ct4BanhMan1.jpg',1),(15,'Ct1Banhngot1.png',2),(16,'Ct2Banhngot1.png',2),(17,'Ct3Banhngot1.png',2),(18,'Ct4Banhngot1.png',2),(19,'15424706715131banhngot2.jpg',3),(20,'15424706804502banhngot2.jpg',3),(21,'15424706882604banhngot2.jpg',3),(22,'1542470697834banhngot2.jpg',3),(23,'15424710348291banhngot3.jpg',5),(24,'15424710424622banhngot3.jpg',5),(25,'15424710510913banhngot3.jpg',5),(26,'15424710579934banhngot3.jpg',5),(27,'1542471960389camep1.jpg',6),(28,'1542471967133camep2.jpg',6),(29,'1542471975663camep4.jpg',6),(30,'1542471982068capep3.jpg',6),(31,'15424757003221nuocchanh.jpg',7),(32,'15424757095082nuocchanh.jpg',7),(33,'15424757176293nuocchanh.jpg',7),(34,'15424757266834nuocchanh.jpg',7),(35,'15424758184611trasua.png',8),(36,'15424758259482trasua.jpg',8),(37,'15424758349823trasua.jpg',8),(38,'15424758423914trasua.jpg',8),(41,'15424778620091banhngot4.jpg',4),(42,'15424778705302banhngot4.jpg',4),(43,'15424778795483banhngot4.jpg',4),(44,'15424778857633banhngot4.jpg',4);
/*!40000 ALTER TABLE `chitietsanpham` ENABLE KEYS */;
UNLOCK TABLES;

--
-- Table structure for table `hoadon`
--

DROP TABLE IF EXISTS `hoadon`;
/*!40101 SET @saved_cs_client     = @@character_set_client */;
/*!50503 SET character_set_client = utf8mb4 */;
CREATE TABLE `hoadon` (
  `id` int unsigned NOT NULL AUTO_INCREMENT,
  `hoten` varchar(191) CHARACTER SET utf8mb4 COLLATE utf8mb4_unicode_ci NOT NULL,
  `sonha` varchar(191) CHARACTER SET utf8mb4 COLLATE utf8mb4_unicode_ci NOT NULL,
  `diachi` varchar(191) CHARACTER SET utf8mb4 COLLATE utf8mb4_unicode_ci NOT NULL,
  `dienthoai` varchar(191) CHARACTER SET utf8mb4 COLLATE utf8mb4_unicode_ci NOT NULL,
  `email` varchar(191) CHARACTER SET utf8mb4 COLLATE utf8mb4_unicode_ci NOT NULL,
  `ghichu` text CHARACTER SET utf8mb4 COLLATE utf8mb4_unicode_ci,
  `trangthai` int NOT NULL,
  `ngaydat` timestamp NULL DEFAULT NULL,
  PRIMARY KEY (`id`)
) ENGINE=InnoDB AUTO_INCREMENT=18 DEFAULT CHARSET=utf8mb4 COLLATE=utf8mb4_unicode_ci;
/*!40101 SET character_set_client = @saved_cs_client */;

--
-- Dumping data for table `hoadon`
--

LOCK TABLES `hoadon` WRITE;
/*!40000 ALTER TABLE `hoadon` DISABLE KEYS */;
INSERT INTO `hoadon` VALUES (12,'user2','Bến Thủy, TP. Vinh, Nghệ An','Number 22, Vo Thi Sau street, block 3, Ben Thuy district, Vinh city','+84394625591','dangnam1904yk@gmail.com','No',2,'2023-02-06 16:59:23'),(13,'user2','Bến Thủy, TP. Vinh, Nghệ An','Number 22, Vo Thi Sau street, block 3, Ben Thuy district, Vinh city','+84394625591','dangnam1904yk@gmail.com','no',2,'2023-02-05 17:01:12'),(14,'user2','Bến Thủy, TP. Vinh, Nghệ An','Number 22, Vo Thi Sau street, block 3, Ben Thuy district, Vinh city','+84394625591','dangnam1904yk@gmail.com','no',0,'2023-02-07 17:01:12'),(15,'user2','Bến Thủy, TP. Vinh, Nghệ An','Number 22, Vo Thi Sau street, block 3, Ben Thuy district, Vinh city','+84394625591','dangnam1904yk@gmail.com','no',2,'2023-02-06 17:01:18'),(16,'user3','Quang Lộc, Can Lộc,TP. Hà Tĩnh','133, quang lôc','045845766567','user3@gmail.com','ko có',2,'2023-02-06 17:09:24'),(17,'user4','Bến Thủy, TP. Vinh, Nghệ An','Number 22, Vo Thi Sau street','04854745486','user4@gmail.com','ko',2,'2023-02-08 07:23:40');
/*!40000 ALTER TABLE `hoadon` ENABLE KEYS */;
UNLOCK TABLES;

--
-- Table structure for table `loaisanpham`
--

DROP TABLE IF EXISTS `loaisanpham`;
/*!40101 SET @saved_cs_client     = @@character_set_client */;
/*!50503 SET character_set_client = utf8mb4 */;
CREATE TABLE `loaisanpham` (
  `id` int unsigned NOT NULL AUTO_INCREMENT,
  `tenloai` varchar(191) CHARACTER SET utf8mb4 COLLATE utf8mb4_unicode_ci NOT NULL,
  PRIMARY KEY (`id`)
) ENGINE=InnoDB AUTO_INCREMENT=7 DEFAULT CHARSET=utf8mb4 COLLATE=utf8mb4_unicode_ci;
/*!40101 SET character_set_client = @saved_cs_client */;

--
-- Dumping data for table `loaisanpham`
--

LOCK TABLES `loaisanpham` WRITE;
/*!40000 ALTER TABLE `loaisanpham` DISABLE KEYS */;
INSERT INTO `loaisanpham` VALUES (1,'Bánh mặn'),(2,'Bánh ngọt'),(3,'Nước uống'),(4,'Trà sữa');
/*!40000 ALTER TABLE `loaisanpham` ENABLE KEYS */;
UNLOCK TABLES;

--
-- Table structure for table `migrations`
--

DROP TABLE IF EXISTS `migrations`;
/*!40101 SET @saved_cs_client     = @@character_set_client */;
/*!50503 SET character_set_client = utf8mb4 */;
CREATE TABLE `migrations` (
  `id` int unsigned NOT NULL AUTO_INCREMENT,
  `migration` varchar(191) CHARACTER SET utf8mb4 COLLATE utf8mb4_unicode_ci NOT NULL,
  `batch` int NOT NULL,
  PRIMARY KEY (`id`)
) ENGINE=InnoDB AUTO_INCREMENT=73 DEFAULT CHARSET=utf8mb4 COLLATE=utf8mb4_unicode_ci;
/*!40101 SET character_set_client = @saved_cs_client */;

--
-- Dumping data for table `migrations`
--

LOCK TABLES `migrations` WRITE;
/*!40000 ALTER TABLE `migrations` DISABLE KEYS */;
INSERT INTO `migrations` VALUES (64,'2018_10_31_103556_create_taikhoan_table',1),(65,'2018_10_31_103656_create_loaisanpham_table',1),(66,'2018_10_31_103720_create_hoadon_table',1),(67,'2018_10_31_103754_create_baiviet_table',1),(68,'2018_10_31_103823_create_sanpham_table',1),(69,'2018_10_31_103847_create_chitiethoadon_table',1),(70,'2018_10_31_103914_create_binhluanbaiviet_table',1),(71,'2018_10_31_103945_create_chitietsanpham_table',1),(72,'2018_10_31_104007_create_chitietbinhluan_table',1);
/*!40000 ALTER TABLE `migrations` ENABLE KEYS */;
UNLOCK TABLES;

--
-- Table structure for table `quan_huyens`
--

DROP TABLE IF EXISTS `quan_huyens`;
/*!40101 SET @saved_cs_client     = @@character_set_client */;
/*!50503 SET character_set_client = utf8mb4 */;
CREATE TABLE `quan_huyens` (
  `id` int NOT NULL,
  `ten` varchar(19) CHARACTER SET utf8mb3 COLLATE utf8mb3_general_ci DEFAULT NULL,
  `donvi` varchar(9) CHARACTER SET utf8mb3 COLLATE utf8mb3_general_ci DEFAULT NULL,
  `tenkhongdau` varchar(19) CHARACTER SET utf8mb3 COLLATE utf8mb3_general_ci DEFAULT NULL,
  `tendaydu` varchar(29) CHARACTER SET utf8mb3 COLLATE utf8mb3_general_ci DEFAULT NULL,
  `tenthuong` varchar(31) CHARACTER SET utf8mb3 COLLATE utf8mb3_general_ci DEFAULT NULL,
  `tenhanhchinh` varchar(46) CHARACTER SET utf8mb3 COLLATE utf8mb3_general_ci DEFAULT NULL,
  `code` int DEFAULT NULL,
  `id_tinhthanhpho` int DEFAULT NULL,
  PRIMARY KEY (`id`)
) ENGINE=InnoDB DEFAULT CHARSET=latin1;
/*!40101 SET character_set_client = @saved_cs_client */;

--
-- Dumping data for table `quan_huyens`
--

LOCK TABLES `quan_huyens` WRITE;
/*!40000 ALTER TABLE `quan_huyens` DISABLE KEYS */;
INSERT INTO `quan_huyens` VALUES (0,'','','','','','',0,0),(490,'TP. Vinh','thanh pho','tp -vinh','Thành Phố Vinh','TP. Vinh, Nghệ An','TP. Vinh, Nghệ An',490,48),(491,'Quan Bau','huyen','quan bau','huyện Quán bàu','Quán Bàu','TP. Vinh, Nghệ An',491,48),(492,'Quan Hanh','huyen','quan hanh','huyện Quán Hành','Quán Hành','TP. Vinh, Nghệ An',492,48),(493,'Nghi Lộc','huyen','nghi loc','huyên Nghi Lộc','Nghi Lộc','Nghi Lộc, Nghệ An',493,48),(494,'Ngũ Hành Sơn','quan','ngu-hanh-son','Quận Ngũ Hành Sơn','Ngũ Hành Sơn, Đà Nẵng','Quận Ngũ Hành Sơn, Thành phố Đà Nẵng',494,48),(495,'Cẩm Lệ','quan','cam-le','Quận Cẩm Lệ','Cẩm Lệ, Đà Nẵng','Quận Cẩm Lệ, Thành phố Đà Nẵng',495,48),(497,'Hòa Vang','huyen','hoa-vang','Huyện Hòa Vang','Hòa Vang, Đà Nẵng','Huyện Hòa Vang, Thành phố Đà Nẵng',497,48),(502,'Hà Tĩnh','thanh pho','ha tinh','TP. Ha Tĩnh','Hà Tĩnh, TP.Hà Tĩnh','TP.Hà Tĩnh',502,49),(503,'Can Lộc','huyen','can loc','Huyện Can Lộc','Can Loc, Hà Tĩnh','Huyên Can Lộc, Hà Tĩnh',503,49),(504,'Hồng Lĩnh','huyen','hong lĩnh','Huyện Hồng Lĩnh','Hồng Lĩnh, TP. Hà Tĩnh','Hồng Lĩnh, Hà Tĩnh',504,49);
/*!40000 ALTER TABLE `quan_huyens` ENABLE KEYS */;
UNLOCK TABLES;

--
-- Table structure for table `sanpham`
--

DROP TABLE IF EXISTS `sanpham`;
/*!40101 SET @saved_cs_client     = @@character_set_client */;
/*!50503 SET character_set_client = utf8mb4 */;
CREATE TABLE `sanpham` (
  `id` int unsigned NOT NULL AUTO_INCREMENT,
  `tensanpham` text CHARACTER SET utf8mb3 COLLATE utf8mb3_unicode_ci NOT NULL,
  `mota` text CHARACTER SET utf8mb3 COLLATE utf8mb3_unicode_ci NOT NULL,
  `giagoc` double NOT NULL,
  `khuyenmai` int NOT NULL,
  `anhchinh` text CHARACTER SET utf8mb3 COLLATE utf8mb3_unicode_ci NOT NULL,
  `tinhtrang` int NOT NULL,
  `luotthich` int NOT NULL,
  `id_loaisp` int unsigned NOT NULL,
  PRIMARY KEY (`id`),
  KEY `sanpham_id_loaisp_foreign` (`id_loaisp`),
  CONSTRAINT `sanpham_id_loaisp_foreign` FOREIGN KEY (`id_loaisp`) REFERENCES `loaisanpham` (`id`)
) ENGINE=InnoDB AUTO_INCREMENT=9 DEFAULT CHARSET=utf8mb4 COLLATE=utf8mb4_unicode_ci;
/*!40101 SET character_set_client = @saved_cs_client */;

--
-- Dumping data for table `sanpham`
--

LOCK TABLES `sanpham` WRITE;
/*!40000 ALTER TABLE `sanpham` DISABLE KEYS */;
INSERT INTO `sanpham` VALUES (1,'Bánh ổ mặn','Bánh ổ mặn được làm từ thành phần chủ yếu là bột gạo pha với ít bột mì cùng với nước cốt dừa, thêm chút gia vị đường, muối và được chế biến bằng phương pháp hấp cách thủy. Nước bột bánh sau k',20000,5,'BanhMan1.png',1,100,1),(2,'Panna cotta','Panna cotta thực chất là một món kem nấu của Ý. Món ăn này được làm ra bằng cách đun liu riu kem, sữa, đường và gelatin với nhau, sau đó để lạnh cho đông lại.\r\nPanna cotta có nguồn gốc từ vùn',20000,0,'BanhNgot1.png',1,323,2),(3,'Biscotti','Không phải tự nhiên mà người ta gọi Biscotti là chiếc bánh “thách thức thời gian”. Bánh xuất hiện từ thế kỉ XVIII, đã tồn tại, gắn bó với người dân nơi đây. Khác hẳn với những loại bánh ngọt ',13000,2,'BanhNgot2.png',1,1238,2),(4,'Tartufo di Pizzo','Bánh Tartufo di Pizzo là đặc sản vùng Calabria và có nguồn gốc từ thời cổ xưa. Trong một chiếc bánh tartufo di pizzo thường gồm nhiều hơn hai hương vị khác nhau, thành phần chủ yếu là kem, vớ',40000,5,'BanhNgot3.png',0,3853,2),(5,'Bánh Cannoli ','Đúng như tên gọi, bánh cannoli bao gồm một lớp pastry được uốn cong thành hình chiếc ống, bên trong có nhân kem ngọt, hoặc thêm hoa quả. Kích thước của món bánh này có thể thay đổi tùy theo v',30000,4,'BanhNgot4.png',0,5302,2),(6,'Cam ép nguyên chất','Nước cam ép nguyên chất \r\nNgày hè oi bức với nhiệt độ ngoài trời có khi lên tới 40 độ C \r\nLàm sao lại phải đi ra ngoài trong khi bạn hoàn toàn có thể ngồi tại chỗ và gọi cho mình ly nước cam mát ngọt thiên nhiên đầy năng lượng \r\nNước ép cam tươi nguyên chất tại Lắc Coffee được chắt lọc từ những trái cam tươi ngon, chín mọng, cho ra sản phẩm là chai nước cam đỏ tươi ngọt dịu hòa vị chua thanh cùng với đá mát lạnh',15000,0,'NuocUong.png',1,123,3),(7,'Nước chanh đá','Chanh là một loại hoa quả được rất nhiều chị em phụ nữ yêu thích vì giá trị dinh dưỡng cao và tác dụng làm đẹp, giảm cân tự nhiên của chúng. Nhưng ít người biết hết được những công dụng bảo vệ sức khỏe tuyệt vời của chúng như nâng cao sức đề kháng và phòng ngừa một số bệnh.',20000,0,'NuocUong1.png',0,32,3),(8,'Đài Loan socola','Trà sữa là một món ăn vặt, là thức uống giải khát quen thuộc, đặc biệt là đối với trẻ nhỏ. Với hương vị thơm ngon béo ngậy của socola, đậm đà dễ uống, trà đen mát giải nhiệt, dùng kèm với trân châu dai dai hoặc thạch rau câu giòn, không ít người “mê mẩn” món trà sữa socola.',45000,2,'TraSua1.png',1,462,4);
/*!40000 ALTER TABLE `sanpham` ENABLE KEYS */;
UNLOCK TABLES;

--
-- Table structure for table `taikhoan`
--

DROP TABLE IF EXISTS `taikhoan`;
/*!40101 SET @saved_cs_client     = @@character_set_client */;
/*!50503 SET character_set_client = utf8mb4 */;
CREATE TABLE `taikhoan` (
  `id` int unsigned NOT NULL AUTO_INCREMENT,
  `tentaikhoan` varchar(191) CHARACTER SET utf8mb4 COLLATE utf8mb4_unicode_ci NOT NULL,
  `email` varchar(191) CHARACTER SET utf8mb4 COLLATE utf8mb4_unicode_ci NOT NULL,
  `matkhau` varchar(191) CHARACTER SET utf8mb4 COLLATE utf8mb4_unicode_ci NOT NULL,
  `phanquyen` varchar(191) CHARACTER SET utf8mb4 COLLATE utf8mb4_unicode_ci NOT NULL,
  `tenhienthi` varchar(191) CHARACTER SET utf8mb4 COLLATE utf8mb4_unicode_ci NOT NULL,
  `hinhanh` text CHARACTER SET utf8mb4 COLLATE utf8mb4_unicode_ci,
  PRIMARY KEY (`id`),
  UNIQUE KEY `taikhoan_email_unique` (`email`)
) ENGINE=InnoDB AUTO_INCREMENT=15 DEFAULT CHARSET=utf8mb4 COLLATE=utf8mb4_unicode_ci;
/*!40101 SET character_set_client = @saved_cs_client */;

--
-- Dumping data for table `taikhoan`
--

LOCK TABLES `taikhoan` WRITE;
/*!40000 ALTER TABLE `taikhoan` DISABLE KEYS */;
INSERT INTO `taikhoan` VALUES (1,'bmurazik','sam.rogahn@hotmail.com','202cb962ac59075b964b07152d234b70','user','Prof. Zane Walker','avatar.png'),(2,'rodriguez.quinton','jones.vernice@yahoo.com','202cb962ac59075b964b07152d234b70','user','Mr. Solon Sauer','avatar.png'),(3,'anahi97','kaleb.wiza@wisoky.com','202cb962ac59075b964b07152d234b70','0','Carrie Friesen III','avatar.png'),(4,'alek.daugherty','chesley06@marquardt.net','202cb962ac59075b964b07152d234b70','1','Carli McCullough','avatar.png'),(5,'tiffany.thompson','narciso28@dubuque.com','inventore','1','Ms. June Considine DVM','avatar.png'),(8,'vanthuy97','huynhvanthuy1997@gmail.com','202cb962ac59075b964b07152d234b70','user','Huỳnh Văn Thùy','154263798125929790390_1101604086643744_6839404581764706430_n.jpg'),(9,'admin','admin@gmail.com','21232f297a57a5a743894a0e4a801fc3','admin','Admin123','1543786338425avatar.png'),(10,'user','user1@gmail.com','21232f297a57a5a743894a0e4a801fc3','user','user1','1675753910121download.jpg'),(11,'dangnam','dangnam1904yk@gmail.com','6ba6f33a6c1112128dbfec91adbeb7ec','user','dangnam','avatar.png'),(12,'User2','user2@gmail.com','21232f297a57a5a743894a0e4a801fc3','user','user2','avatar.png'),(13,'User3','user3@gmail.com','21232f297a57a5a743894a0e4a801fc3','user','user3','avatar.png'),(14,'user4','user4@gmail.com','21232f297a57a5a743894a0e4a801fc3','user','user4','avatar.png');
/*!40000 ALTER TABLE `taikhoan` ENABLE KEYS */;
UNLOCK TABLES;

--
-- Table structure for table `tinh_thanh_phos`
--

DROP TABLE IF EXISTS `tinh_thanh_phos`;
/*!40101 SET @saved_cs_client     = @@character_set_client */;
/*!50503 SET character_set_client = utf8mb4 */;
CREATE TABLE `tinh_thanh_phos` (
  `id` int NOT NULL,
  `ten` varchar(17) CHARACTER SET utf8mb3 COLLATE utf8mb3_general_ci DEFAULT NULL,
  `tenkhongdau` varchar(15) CHARACTER SET utf8mb3 COLLATE utf8mb3_general_ci DEFAULT NULL,
  `donvi` varchar(9) CHARACTER SET utf8mb3 COLLATE utf8mb3_general_ci DEFAULT NULL,
  `tendaydu` varchar(22) CHARACTER SET utf8mb3 COLLATE utf8mb3_general_ci DEFAULT NULL,
  `code` int DEFAULT NULL,
  PRIMARY KEY (`id`)
) ENGINE=InnoDB DEFAULT CHARSET=latin1;
/*!40101 SET character_set_client = @saved_cs_client */;

--
-- Dumping data for table `tinh_thanh_phos`
--

LOCK TABLES `tinh_thanh_phos` WRITE;
/*!40000 ALTER TABLE `tinh_thanh_phos` DISABLE KEYS */;
INSERT INTO `tinh_thanh_phos` VALUES (0,'','','','',0),(48,'Nghệ An','nghe-an','tinh','Tỉnh Nghệ An',48),(49,'Hà Tĩnh','ha-tinh','thanh pho','TP Hà Tĩnh',49);
/*!40000 ALTER TABLE `tinh_thanh_phos` ENABLE KEYS */;
UNLOCK TABLES;

--
-- Table structure for table `xa_phuongs`
--

DROP TABLE IF EXISTS `xa_phuongs`;
/*!40101 SET @saved_cs_client     = @@character_set_client */;
/*!50503 SET character_set_client = utf8mb4 */;
CREATE TABLE `xa_phuongs` (
  `id` int NOT NULL,
  `ten` varchar(20) CHARACTER SET utf8mb3 COLLATE utf8mb3_general_ci DEFAULT NULL,
  `donvi` varchar(8) CHARACTER SET utf8mb3 COLLATE utf8mb3_general_ci DEFAULT NULL,
  `tenkhongdau` varchar(20) CHARACTER SET utf8mb3 COLLATE utf8mb3_general_ci DEFAULT NULL,
  `tendaydu` varchar(29) CHARACTER SET utf8mb3 COLLATE utf8mb3_general_ci DEFAULT NULL,
  `tenthuong` varchar(42) CHARACTER SET utf8mb3 COLLATE utf8mb3_general_ci DEFAULT NULL,
  `tenhanhchinh` varchar(64) CHARACTER SET utf8mb3 COLLATE utf8mb3_general_ci DEFAULT NULL,
  `code` int DEFAULT NULL,
  `id_quanhuyen` int DEFAULT NULL,
  PRIMARY KEY (`id`)
) ENGINE=InnoDB DEFAULT CHARSET=latin1;
/*!40101 SET character_set_client = @saved_cs_client */;

--
-- Dumping data for table `xa_phuongs`
--

LOCK TABLES `xa_phuongs` WRITE;
/*!40000 ALTER TABLE `xa_phuongs` DISABLE KEYS */;
INSERT INTO `xa_phuongs` VALUES (20194,'Bến Thuỷ','phuong','Ben-Thuy','Phường Bến Thủy','Bến Thủy, TP. Vinh, Nghệ An','Bến Thủy, TP. Vinh, Nghệ An',20194,490),(20195,'Trung Đô','phuong','Trung Đô','Phường Trung Đô','Trung Đô, TP. Vinh, Nghệ An','Trung Đô, TP. Vinh, Nghệ An',20195,490),(20197,'Trường Thi','phuong','Trường Thi','Phường Trường Thi','Trường Thi, TP. Vinh, Nghệ An','Trường Thi, TP. Vinh, Nghệ An',20197,490),(20335,'Quang Lộc','xa','quang-loc','Xã Quang Lộc','Quang Lộc, Can Lộc,TP. Hà Tĩnh','Quang Lộc, Can Lộc,TP. Hà Tĩnh',20335,502),(20338,'Sơn Lộc','xa','son-loc','Xã Sơn Lộc','Sơn Lộc, Can Lộc,TP. Hà Tĩnh ','Sơn Lộc, Can Lộc,TP. Hà Tĩnh ',20338,502),(20341,'Thuận Lộc','xa','thuan-loc','Xã Thuận Lộc','Thuận Lộc, Hồng Lĩnh, Hà Tĩnh','Thuận Lộc, Hồng Lĩnh, Hà Tĩnh',20341,502),(20344,'Đồng Môn ','xa','dong-mon','Xã Đồng Môn','Đồng Môn, TP. Hà Tĩnh','Đồng Môn, TP. Hà Tĩnh',20344,502);
/*!40000 ALTER TABLE `xa_phuongs` ENABLE KEYS */;
UNLOCK TABLES;
/*!40103 SET TIME_ZONE=@OLD_TIME_ZONE */;

/*!40101 SET SQL_MODE=@OLD_SQL_MODE */;
/*!40014 SET FOREIGN_KEY_CHECKS=@OLD_FOREIGN_KEY_CHECKS */;
/*!40014 SET UNIQUE_CHECKS=@OLD_UNIQUE_CHECKS */;
/*!40101 SET CHARACTER_SET_CLIENT=@OLD_CHARACTER_SET_CLIENT */;
/*!40101 SET CHARACTER_SET_RESULTS=@OLD_CHARACTER_SET_RESULTS */;
/*!40101 SET COLLATION_CONNECTION=@OLD_COLLATION_CONNECTION */;
/*!40111 SET SQL_NOTES=@OLD_SQL_NOTES */;

-- Dump completed on 2023-03-01 22:55:36
